hour_time,product_id,contract_expiry,price,mid,settlement_price,open_interest,volume_24h,fetched_at
2026-10-01T00:00:00Z,BIT-24DEC26-CDE,2026-12-24T16:00:00Z,,0,84535,0,,2026-10-01T00:01:44Z
2026-10-01T00:00:00Z,BIT-27NOV26-CDE,2026-11-27T16:00:00Z,84470,84465,84535,191,354,2026-10-01T00:01:44Z
2026-10-01T00:00:00Z,BIT-30OCT26-CDE,2026-10-30T16:00:00Z,84050,84005,84125,115749,110164,2026-10-01T00:01:44Z
2026-10-01T00:00:00Z,ET-24DEC26-CDE,2026-12-24T16:00:00Z,,0,2691,0,,2026-10-01T00:01:44Z
2026-10-01T00:00:00Z,ET-27NOV26-CDE,2026-11-27T16:00:00Z,2707.5,2705.75,2691,249,363,2026-10-01T00:01:44Z
2026-10-01T00:00:00Z,ET-30OCT26-CDE,2026-10-30T16:00:00Z,2696.5,2695.25,2682.5,39207,44975,2026-10-01T00:01:44Z
2026-10-01T01:00:00Z,BIT-24DEC26-CDE,2026-12-24T16:00:00Z,,0,84535,0,,2026-10-01T01:01:37Z
2026-10-01T01:00:00Z,BIT-27NOV26-CDE,2026-11-27T16:00:00Z,84470,84422.5,84535,191,354,2026-10-01T01:01:37Z
2026-10-01T01:00:00Z,BIT-30OCT26-CDE,2026-10-30T16:00:00Z,83965,83950,84125,115749,110106,2026-10-01T01:01:37Z
2026-10-01T01:00:00Z,ET-24DEC26-CDE,2026-12-24T16:00:00Z,,0,2691,0,,2026-10-01T01:01:37Z
2026-10-01T01:00:00Z,ET-27NOV26-CDE,2026-11-27T16:00:00Z,2707.5,2705.5,2691,249,363,2026-10-01T01:01:37Z
2026-10-01T01:00:00Z,ET-30OCT26-CDE,2026-10-30T16:00:00Z,2694.5,2695,2682.5,39207,44926,2026-10-01T01:01:37Z
