hour_time,product,price,bid,ask,trade_time,fetched_at
2026-09-04T19:00:00Z,BTC-USD,79805.88,79805.87,79805.88,2026-09-04T19:24:13.199060070Z,2026-09-04T19:24:13Z
2026-09-04T19:00:00Z,ETH-USD,2456.82,2456.76,2456.82,2026-09-04T19:24:13.763012247Z,2026-09-04T19:24:13Z
2026-09-04T20:00:00Z,BTC-USD,79785.78,79785.78,79785.79,2026-09-04T20:31:22.705632196Z,2026-09-04T20:31:22Z
2026-09-04T20:00:00Z,ETH-USD,2453.64,2453.64,2453.65,2026-09-04T20:31:21.939436798Z,2026-09-04T20:31:22Z
2026-09-04T21:00:00Z,BTC-USD,79791.34,79791.33,79791.34,2026-09-04T21:25:07.267668058Z,2026-09-04T21:25:07Z
2026-09-04T21:00:00Z,ETH-USD,2453.72,2453.82,2454.08,2026-09-04T21:25:07.245035181Z,2026-09-04T21:25:07Z
2026-09-04T22:00:00Z,BTC-USD,79698.63,79698.63,79698.64,2026-09-04T22:26:23.486710506Z,2026-09-04T22:26:24Z
2026-09-04T22:00:00Z,ETH-USD,2452.57,2452.56,2452.57,2026-09-04T22:26:21.714847112Z,2026-09-04T22:26:24Z
2026-09-04T23:00:00Z,BTC-USD,79659.61,79659.59,79659.6,2026-09-04T23:04:30.282470496Z,2026-09-04T23:04:30Z
2026-09-04T23:00:00Z,ETH-USD,2451.76,2451.76,2451.77,2026-09-04T23:04:27.611888858Z,2026-09-04T23:04:30Z
2026-09-05T00:00:00Z,BTC-USD,79700.38,79700.37,79700.38,2026-09-05T00:14:00.794980515Z,2026-09-05T00:14:01Z
2026-09-05T00:00:00Z,ETH-USD,2456.12,2456.06,2456.12,2026-09-05T00:14:00.767759734Z,2026-09-05T00:14:01Z
2026-09-05T01:00:00Z,BTC-USD,79701.42,79701.42,79701.43,2026-09-05T01:14:14.082536315Z,2026-09-05T01:14:14Z
2026-09-05T01:00:00Z,ETH-USD,2456.07,2456.07,2456.21,2026-09-05T01:14:13.285947526Z,2026-09-05T01:14:14Z
2026-09-05T02:00:00Z,BTC-USD,79594.54,79594.54,79594.55,2026-09-05T02:14:00.218228621Z,2026-09-05T02:14:00Z
2026-09-05T02:00:00Z,ETH-USD,2452.61,2452.6,2452.62,2026-09-05T02:13:59.540462637Z,2026-09-05T02:14:00Z
2026-09-05T03:00:00Z,BTC-USD,79561.67,79562.5,79563.28,2026-09-05T03:14:16.476196662Z,2026-09-05T03:14:16Z
2026-09-05T03:00:00Z,ETH-USD,2452.1,2452.09,2452.1,2026-09-05T03:14:13.229497143Z,2026-09-05T03:14:16Z
2026-09-05T04:00:00Z,BTC-USD,79554.45,79554.45,79554.46,2026-09-05T04:13:59.794086590Z,2026-09-05T04:14:00Z
2026-09-05T04:00:00Z,ETH-USD,2451.28,2451.28,2451.31,2026-09-05T04:14:00.462540963Z,2026-09-05T04:14:00Z
2026-09-05T05:00:00Z,BTC-USD,79574.43,79574.43,79574.44,2026-09-05T05:14:13.064476417Z,2026-09-05T05:14:13Z
2026-09-05T05:00:00Z,ETH-USD,2450.09,2450.08,2450.09,2026-09-05T05:14:10.738354506Z,2026-09-05T05:14:13Z
2026-09-05T06:00:00Z,BTC-USD,79602.3,79602.3,79602.31,2026-09-05T06:01:47.069555753Z,2026-09-05T06:01:48Z
2026-09-05T06:00:00Z,ETH-USD,2451.61,2451.6,2451.61,2026-09-05T06:01:47.773805992Z,2026-09-05T06:01:48Z
2026-09-05T07:00:00Z,BTC-USD,79708.37,79708.37,79708.38,2026-09-05T07:14:10.335520263Z,2026-09-05T07:14:10Z
2026-09-05T07:00:00Z,ETH-USD,2455.19,2455.16,2455.17,2026-09-05T07:14:07.173519927Z,2026-09-05T07:14:10Z
2026-09-05T08:00:00Z,BTC-USD,79674.46,79674.46,79674.47,2026-09-05T08:14:23.676204257Z,2026-09-05T08:14:25Z
2026-09-05T08:00:00Z,ETH-USD,2455.36,2455.24,2455.34,2026-09-05T08:14:23.425849448Z,2026-09-05T08:14:25Z
2026-09-05T09:00:00Z,BTC-USD,79726.07,79726.07,79726.08,2026-09-05T09:14:07.268622448Z,2026-09-05T09:14:08Z
2026-09-05T09:00:00Z,ETH-USD,2459.44,2459.26,2459.48,2026-09-05T09:14:04.667471238Z,2026-09-05T09:14:08Z
2026-09-05T10:00:00Z,BTC-USD,79628.98,79628.98,79628.99,2026-09-05T10:14:20.744156107Z,2026-09-05T10:14:21Z
2026-09-05T10:00:00Z,ETH-USD,2457.5,2457.46,2457.56,2026-09-05T10:14:09.420430805Z,2026-09-05T10:14:21Z
2026-09-05T11:00:00Z,BTC-USD,79648.52,79648.53,79648.54,2026-09-05T11:14:04.897028065Z,2026-09-05T11:14:05Z
2026-09-05T11:00:00Z,ETH-USD,2454.28,2454.23,2454.35,2026-09-05T11:14:04.436432722Z,2026-09-05T11:14:05Z
2026-09-05T12:00:00Z,BTC-USD,79669.79,79669.79,79669.8,2026-09-05T12:14:18.762236369Z,2026-09-05T12:14:19Z
2026-09-05T12:00:00Z,ETH-USD,2455.57,2455.56,2455.57,2026-09-05T12:14:18.211595551Z,2026-09-05T12:14:19Z
2026-09-05T13:00:00Z,BTC-USD,79706.99,79706.99,79707,2026-09-05T13:14:02.261763725Z,2026-09-05T13:14:03Z
2026-09-05T13:00:00Z,ETH-USD,2459.38,2459.36,2459.38,2026-09-05T13:13:59.972657751Z,2026-09-05T13:14:03Z
2026-09-05T14:00:00Z,BTC-USD,79682.98,79682.98,79682.99,2026-09-05T14:14:15.622523376Z,2026-09-05T14:14:16Z
2026-09-05T14:00:00Z,ETH-USD,2455.26,2455.26,2455.31,2026-09-05T14:14:15.313132381Z,2026-09-05T14:14:16Z
2026-09-05T15:00:00Z,BTC-USD,79715,79714.99,79715,2026-09-05T15:14:29.081497641Z,2026-09-05T15:14:29Z
2026-09-05T15:00:00Z,ETH-USD,2458.92,2458.92,2458.93,2026-09-05T15:14:27.974081685Z,2026-09-05T15:14:29Z
2026-09-05T16:00:00Z,BTC-USD,79795.95,79795.95,79795.96,2026-09-05T16:09:53.622049348Z,2026-09-05T16:09:55Z
2026-09-05T16:00:00Z,ETH-USD,2460.02,2460.02,2460.03,2026-09-05T16:09:53.988949339Z,2026-09-05T16:09:55Z
2026-09-05T17:00:00Z,BTC-USD,80106.66,80106.66,80106.67,2026-09-05T17:14:28.130989527Z,2026-09-05T17:14:29Z
2026-09-05T17:00:00Z,ETH-USD,2480.12,2480.07,2480.12,2026-09-05T17:14:28.022948313Z,2026-09-05T17:14:29Z
2026-09-05T18:00:00Z,BTC-USD,79999.52,79999.51,79999.52,2026-09-05T18:13:01.788853637Z,2026-09-05T18:13:02Z
2026-09-05T18:00:00Z,ETH-USD,2478.42,2478.38,2478.42,2026-09-05T18:13:02.013969582Z,2026-09-05T18:13:02Z
2026-09-05T19:00:00Z,BTC-USD,79939.34,79939.34,79939.35,2026-09-05T19:14:28.770146789Z,2026-09-05T19:14:28Z
2026-09-05T19:00:00Z,ETH-USD,2478.32,2478.3,2478.32,2026-09-05T19:14:25.032633118Z,2026-09-05T19:14:28Z
2026-09-05T20:00:00Z,BTC-USD,79725.01,79725,79725.01,2026-09-05T20:14:13.461454972Z,2026-09-05T20:14:13Z
2026-09-05T20:00:00Z,ETH-USD,2478.7,2478.62,2478.63,2026-09-05T20:14:13.091024892Z,2026-09-05T20:14:13Z
2026-09-05T21:00:00Z,BTC-USD,79789.48,79789.48,79789.49,2026-09-05T21:14:28.167746447Z,2026-09-05T21:14:29Z
2026-09-05T21:00:00Z,ETH-USD,2477.3,2477.24,2477.31,2026-09-05T21:14:28.836074887Z,2026-09-05T21:14:29Z
2026-09-05T22:00:00Z,BTC-USD,79877.2,79875.32,79876.16,2026-09-05T22:04:36.133063663Z,2026-09-05T22:04:37Z
2026-09-05T22:00:00Z,ETH-USD,2487.71,2487.7,2487.71,2026-09-05T22:04:34.791606916Z,2026-09-05T22:04:37Z
2026-09-05T23:00:00Z,BTC-USD,79748.69,79748.69,79748.7,2026-09-05T23:14:26.145688220Z,2026-09-05T23:14:27Z
2026-09-05T23:00:00Z,ETH-USD,2478.75,2478.61,2478.87,2026-09-05T23:14:25.634651162Z,2026-09-05T23:14:27Z
2026-09-06T00:00:00Z,BTC-USD,79900.99,79900.99,79901,2026-09-06T00:14:10.292076362Z,2026-09-06T00:14:11Z
2026-09-06T00:00:00Z,ETH-USD,2482.11,2481.97,2482.06,2026-09-06T00:14:01.773390503Z,2026-09-06T00:14:11Z
2026-09-06T01:00:00Z,BTC-USD,79995.43,79995.42,79995.43,2026-09-06T01:14:25.246955793Z,2026-09-06T01:14:26Z
2026-09-06T01:00:00Z,ETH-USD,2499.41,2499.07,2499.31,2026-09-06T01:14:25.925485393Z,2026-09-06T01:14:26Z
2026-09-06T02:00:00Z,BTC-USD,80019.63,80019.62,80019.63,2026-09-06T02:14:10.357414833Z,2026-09-06T02:14:10Z
2026-09-06T02:00:00Z,ETH-USD,2507.34,2507.01,2507.13,2026-09-06T02:14:08.510993054Z,2026-09-06T02:14:10Z
2026-09-06T03:00:00Z,BTC-USD,79931.66,79931.65,79931.66,2026-09-06T03:14:20.643243838Z,2026-09-06T03:14:23Z
2026-09-06T03:00:00Z,ETH-USD,2505.5,2505.58,2505.59,2026-09-06T03:14:21.641135683Z,2026-09-06T03:14:23Z
2026-09-06T04:00:00Z,BTC-USD,79975.15,79975.15,79975.16,2026-09-06T04:14:05.432594724Z,2026-09-06T04:14:06Z
2026-09-06T04:00:00Z,ETH-USD,2507.5,2507.33,2507.43,2026-09-06T04:14:03.215995749Z,2026-09-06T04:14:06Z
2026-09-06T05:00:00Z,BTC-USD,79817.75,79817.75,79817.76,2026-09-06T05:14:19.553842841Z,2026-09-06T05:14:19Z
2026-09-06T05:00:00Z,ETH-USD,2502.85,2502.85,2502.86,2026-09-06T05:14:18.428857312Z,2026-09-06T05:14:19Z
2026-09-06T06:00:00Z,BTC-USD,79959.23,79959.23,79959.24,2026-09-06T06:02:57.695542138Z,2026-09-06T06:02:57Z
2026-09-06T06:00:00Z,ETH-USD,2511.6,2511.6,2511.61,2026-09-06T06:02:54.967313749Z,2026-09-06T06:02:57Z
2026-09-06T07:00:00Z,BTC-USD,79613.77,79613.49,79616.43,2026-09-06T07:14:15.820648113Z,2026-09-06T07:14:16Z
2026-09-06T07:00:00Z,ETH-USD,2485.67,2485.65,2485.88,2026-09-06T07:14:15.585355703Z,2026-09-06T07:14:16Z
2026-09-06T08:00:00Z,BTC-USD,79874.99,79874.98,79874.99,2026-09-06T08:13:59.708978041Z,2026-09-06T08:14:00Z
2026-09-06T08:00:00Z,ETH-USD,2499.11,2499.01,2499.11,2026-09-06T08:13:58.599626948Z,2026-09-06T08:14:00Z
2026-09-06T09:00:00Z,BTC-USD,79919.63,79919.63,79919.64,2026-09-06T09:14:13.661327397Z,2026-09-06T09:14:13Z
2026-09-06T09:00:00Z,ETH-USD,2498.31,2498.01,2498.16,2026-09-06T09:14:06.721008806Z,2026-09-06T09:14:13Z
2026-09-06T10:00:00Z,BTC-USD,79928.68,79928.68,79928.69,2026-09-06T10:14:27.374649645Z,2026-09-06T10:14:27Z
2026-09-06T10:00:00Z,ETH-USD,2499.62,2499.6,2499.61,2026-09-06T10:14:17.949937950Z,2026-09-06T10:14:27Z
2026-09-06T11:00:00Z,BTC-USD,79971.01,79971,79971.01,2026-09-06T11:14:12.263654041Z,2026-09-06T11:14:12Z
2026-09-06T11:00:00Z,ETH-USD,2502.88,2502.88,2502.9,2026-09-06T11:14:12.241596577Z,2026-09-06T11:14:12Z
2026-09-06T12:00:00Z,BTC-USD,79933.82,79933.81,79933.82,2026-09-06T12:14:25.324509634Z,2026-09-06T12:14:26Z
2026-09-06T12:00:00Z,ETH-USD,2502.07,2501.95,2502.08,2026-09-06T12:14:25.563272739Z,2026-09-06T12:14:26Z
2026-09-06T13:00:00Z,BTC-USD,79890,79890,79890.01,2026-09-06T13:14:10.826930144Z,2026-09-06T13:14:11Z
2026-09-06T13:00:00Z,ETH-USD,2497.68,2497.92,2497.94,2026-09-06T13:14:09.438565937Z,2026-09-06T13:14:11Z
2026-09-06T14:00:00Z,BTC-USD,79740.2,79740.2,79740.21,2026-09-06T14:14:23.912812943Z,2026-09-06T14:14:24Z
2026-09-06T14:00:00Z,ETH-USD,2487.83,2487.83,2487.84,2026-09-06T14:14:24.372421263Z,2026-09-06T14:14:24Z
2026-09-06T15:00:00Z,BTC-USD,79517.25,79517.24,79517.25,2026-09-06T15:14:08.281275401Z,2026-09-06T15:14:08Z
2026-09-06T15:00:00Z,ETH-USD,2475.79,2475.84,2475.94,2026-09-06T15:14:03.928205998Z,2026-09-06T15:14:08Z
2026-09-06T16:00:00Z,BTC-USD,79708.64,79708.64,79710.76,2026-09-06T16:14:22.791242236Z,2026-09-06T16:14:23Z
2026-09-06T16:00:00Z,ETH-USD,2482.65,2482.79,2482.8,2026-09-06T16:14:20.781977435Z,2026-09-06T16:14:23Z
2026-09-06T17:00:00Z,BTC-USD,79613.27,79613.27,79613.28,2026-09-06T17:14:06.100488594Z,2026-09-06T17:14:07Z
2026-09-06T17:00:00Z,ETH-USD,2485.38,2485.37,2485.38,2026-09-06T17:14:02.089199686Z,2026-09-06T17:14:07Z
2026-09-06T18:00:00Z,BTC-USD,79848.38,79848.37,79848.38,2026-09-06T18:14:23.277365726Z,2026-09-06T18:14:23Z
2026-09-06T18:00:00Z,ETH-USD,2494.23,2494.19,2494.2,2026-09-06T18:14:20.556255454Z,2026-09-06T18:14:23Z
2026-09-06T19:00:00Z,BTC-USD,79864.02,79864.02,79864.03,2026-09-06T19:14:06.201170274Z,2026-09-06T19:14:07Z
2026-09-06T19:00:00Z,ETH-USD,2492.19,2492.19,2492.2,2026-09-06T19:14:06.674599954Z,2026-09-06T19:14:07Z
2026-09-06T20:00:00Z,BTC-USD,79805.75,79805.74,79805.75,2026-09-06T20:14:20.637413279Z,2026-09-06T20:14:20Z
2026-09-06T20:00:00Z,ETH-USD,2492.35,2492.39,2492.4,2026-09-06T20:14:19.293115751Z,2026-09-06T20:14:20Z
2026-09-06T21:00:00Z,BTC-USD,79980.22,79978.86,79980.16,2026-09-06T21:14:06.732782877Z,2026-09-06T21:14:07Z
2026-09-06T21:00:00Z,ETH-USD,2509.57,2509.54,2509.55,2026-09-06T21:14:06.928832564Z,2026-09-06T21:14:07Z
2026-09-06T22:00:00Z,BTC-USD,79750.17,79750.17,79750.18,2026-09-06T22:14:20.654728811Z,2026-09-06T22:14:20Z
2026-09-06T22:00:00Z,ETH-USD,2498.24,2498.24,2498.25,2026-09-06T22:14:20.611794762Z,2026-09-06T22:14:20Z
2026-09-06T23:00:00Z,BTC-USD,80191.56,80191.55,80191.56,2026-09-06T23:14:03.797837133Z,2026-09-06T23:14:04Z
2026-09-06T23:00:00Z,ETH-USD,2511.24,2511.23,2511.24,2026-09-06T23:14:02.940880100Z,2026-09-06T23:14:04Z
2026-09-07T00:00:00Z,BTC-USD,80330,80334.01,80334.02,2026-09-07T00:14:17.683793438Z,2026-09-07T00:14:18Z
2026-09-07T00:00:00Z,ETH-USD,2516.41,2516.4,2516.41,2026-09-07T00:14:17.586234628Z,2026-09-07T00:14:18Z
2026-09-07T01:00:00Z,BTC-USD,79962.59,79962.59,79962.6,2026-09-07T01:14:01.608793391Z,2026-09-07T01:14:02Z
2026-09-07T01:00:00Z,ETH-USD,2506.82,2506.78,2506.82,2026-09-07T01:14:01.198390067Z,2026-09-07T01:14:02Z
2026-09-07T02:00:00Z,BTC-USD,79783.79,79783.79,79783.8,2026-09-07T02:14:18.141090644Z,2026-09-07T02:14:18Z
2026-09-07T02:00:00Z,ETH-USD,2498.32,2498.32,2498.33,2026-09-07T02:14:15.723032209Z,2026-09-07T02:14:18Z
2026-09-07T03:00:00Z,BTC-USD,79773.82,79773.82,79773.83,2026-09-07T03:14:04.867154873Z,2026-09-07T03:14:05Z
2026-09-07T03:00:00Z,ETH-USD,2507.28,2507.59,2507.6,2026-09-07T03:14:04.561071585Z,2026-09-07T03:14:05Z
2026-09-07T04:00:00Z,BTC-USD,79596.02,79596.02,79599.35,2026-09-07T04:14:18.380839558Z,2026-09-07T04:14:19Z
2026-09-07T04:00:00Z,ETH-USD,2495.2,2495.14,2495.23,2026-09-07T04:14:18.391670238Z,2026-09-07T04:14:19Z
2026-09-07T05:00:00Z,BTC-USD,79746.96,79746.96,79746.97,2026-09-07T05:14:01.865863316Z,2026-09-07T05:14:03Z
2026-09-07T05:00:00Z,ETH-USD,2502.26,2502.1,2502.24,2026-09-07T05:14:01.315193518Z,2026-09-07T05:14:03Z
2026-09-07T06:00:00Z,BTC-USD,79797.88,79797.88,79797.89,2026-09-07T06:14:16.330288274Z,2026-09-07T06:14:17Z
2026-09-07T06:00:00Z,ETH-USD,2509.4,2509.65,2509.66,2026-09-07T06:14:05.654731681Z,2026-09-07T06:14:17Z
2026-09-07T07:00:00Z,BTC-USD,79456,79458.12,79458.13,2026-09-07T07:30:44.707606665Z,2026-09-07T07:30:45Z
2026-09-07T07:00:00Z,ETH-USD,2490.74,2490.81,2490.82,2026-09-07T07:30:43.264906600Z,2026-09-07T07:30:45Z
2026-09-07T13:00:00Z,BTC-USD,79350.73,79350.73,79350.74,2026-09-07T13:37:37.713612411Z,2026-09-07T13:37:38Z
2026-09-07T13:00:00Z,ETH-USD,2497.68,2497.67,2497.68,2026-09-07T13:37:35.710581521Z,2026-09-07T13:37:38Z
2026-09-07T18:00:00Z,BTC-USD,79184.62,79184.62,79184.63,2026-09-07T18:22:29.129897970Z,2026-09-07T18:22:29Z
2026-09-07T18:00:00Z,ETH-USD,2494.6,2494.6,2494.61,2026-09-07T18:22:27.876315962Z,2026-09-07T18:22:29Z
2026-09-07T21:00:00Z,BTC-USD,79182.33,79182.33,79182.34,2026-09-07T21:36:08.664715353Z,2026-09-07T21:36:08Z
2026-09-07T21:00:00Z,ETH-USD,2491.71,2491.59,2491.71,2026-09-07T21:36:07.803956442Z,2026-09-07T21:36:08Z
2026-09-07T23:00:00Z,BTC-USD,79071.01,79071,79071.01,2026-09-07T23:44:02.378200876Z,2026-09-07T23:44:02Z
2026-09-07T23:00:00Z,ETH-USD,2489.03,2489.02,2489.03,2026-09-07T23:44:01.806605088Z,2026-09-07T23:44:02Z
2026-09-08T01:00:00Z,BTC-USD,79400.26,79400.26,79400.27,2026-09-08T01:27:12.548754295Z,2026-09-08T01:27:12Z
2026-09-08T01:00:00Z,ETH-USD,2503.22,2503.2,2503.21,2026-09-08T01:27:09.684883547Z,2026-09-08T01:27:12Z
2026-09-08T06:00:00Z,BTC-USD,78486.99,78486.99,78487,2026-09-08T06:11:58.401878858Z,2026-09-08T06:12:00Z
2026-09-08T06:00:00Z,ETH-USD,2471.34,2471.69,2471.7,2026-09-08T06:11:56.709445338Z,2026-09-08T06:12:00Z
2026-09-08T11:00:00Z,BTC-USD,78302.51,78302.51,78302.52,2026-09-08T11:12:56.054247114Z,2026-09-08T11:12:56Z
2026-09-08T11:00:00Z,ETH-USD,2472.9,2472.93,2472.94,2026-09-08T11:12:55.370670888Z,2026-09-08T11:12:56Z
2026-09-08T15:00:00Z,BTC-USD,78479.22,78479.21,78479.22,2026-09-08T15:05:27.088411581Z,2026-09-08T15:05:27Z
2026-09-08T15:00:00Z,ETH-USD,2484.23,2484.09,2484.1,2026-09-08T15:05:25.957600108Z,2026-09-08T15:05:27Z
2026-09-08T18:00:00Z,BTC-USD,78667.42,78667.42,78667.43,2026-09-08T18:35:11.756596120Z,2026-09-08T18:35:13Z
2026-09-08T18:00:00Z,ETH-USD,2498.13,2498.12,2498.13,2026-09-08T18:35:12.453947559Z,2026-09-08T18:35:13Z
2026-09-08T21:00:00Z,BTC-USD,78515.98,78515.98,78515.99,2026-09-08T21:23:13.781804154Z,2026-09-08T21:23:15Z
2026-09-08T21:00:00Z,ETH-USD,2482.37,2482.36,2482.37,2026-09-08T21:23:14.310636763Z,2026-09-08T21:23:15Z
2026-09-08T23:00:00Z,BTC-USD,78437.99,78437.99,78438,2026-09-08T23:27:38.714222477Z,2026-09-08T23:27:39Z
2026-09-08T23:00:00Z,ETH-USD,2483.41,2483.42,2483.44,2026-09-08T23:27:39.165495068Z,2026-09-08T23:27:39Z
2026-09-09T01:00:00Z,BTC-USD,78668.52,78675.76,78675.77,2026-09-09T01:21:21.259112910Z,2026-09-09T01:21:21Z
2026-09-09T01:00:00Z,ETH-USD,2490.49,2490.5,2490.71,2026-09-09T01:21:21.264325478Z,2026-09-09T01:21:21Z
2026-09-09T06:00:00Z,BTC-USD,78849.99,78849.99,78850,2026-09-09T06:04:47.245799473Z,2026-09-09T06:04:48Z
2026-09-09T06:00:00Z,ETH-USD,2492.57,2492.81,2492.96,2026-09-09T06:04:46.340403465Z,2026-09-09T06:04:48Z
2026-09-09T11:00:00Z,BTC-USD,78828.37,78828.37,78828.38,2026-09-09T11:14:43.275114741Z,2026-09-09T11:14:44Z
2026-09-09T11:00:00Z,ETH-USD,2485.69,2485.69,2485.7,2026-09-09T11:14:40.614330343Z,2026-09-09T11:14:44Z
2026-09-09T15:00:00Z,BTC-USD,78633.86,78633.86,78633.87,2026-09-09T15:08:53.875841687Z,2026-09-09T15:08:54Z
2026-09-09T15:00:00Z,ETH-USD,2490.73,2490.94,2490.95,2026-09-09T15:08:53.183815665Z,2026-09-09T15:08:54Z
2026-09-09T18:00:00Z,BTC-USD,78592.38,78592.38,78592.39,2026-09-09T18:31:46.032193716Z,2026-09-09T18:31:46Z
2026-09-09T18:00:00Z,ETH-USD,2490.07,2489.99,2490.07,2026-09-09T18:31:45.305772551Z,2026-09-09T18:31:46Z
2026-09-09T21:00:00Z,BTC-USD,78318.69,78318.68,78318.69,2026-09-09T21:06:08.662327935Z,2026-09-09T21:06:09Z
2026-09-09T21:00:00Z,ETH-USD,2471.94,2471.94,2471.95,2026-09-09T21:06:08.489869863Z,2026-09-09T21:06:09Z
2026-09-09T23:00:00Z,BTC-USD,78175.77,78175.77,78175.78,2026-09-09T23:10:21.562565899Z,2026-09-09T23:10:23Z
2026-09-09T23:00:00Z,ETH-USD,2460.16,2460.16,2460.17,2026-09-09T23:10:21.189301576Z,2026-09-09T23:10:23Z
2026-09-10T01:00:00Z,BTC-USD,78213.93,78214.73,78214.74,2026-09-10T01:01:45.972906825Z,2026-09-10T01:01:46Z
2026-09-10T01:00:00Z,ETH-USD,2467.23,2467.46,2467.65,2026-09-10T01:01:42.959339180Z,2026-09-10T01:01:46Z
2026-09-10T05:00:00Z,BTC-USD,78386.89,78386.89,78386.9,2026-09-10T05:43:42.371106728Z,2026-09-10T05:43:42Z
2026-09-10T05:00:00Z,ETH-USD,2479.52,2479.51,2479.52,2026-09-10T05:43:39.028947852Z,2026-09-10T05:43:42Z
2026-09-10T10:00:00Z,BTC-USD,78013.36,78013.36,78013.37,2026-09-10T10:03:41.668258003Z,2026-09-10T10:03:42Z
2026-09-10T10:00:00Z,ETH-USD,2470.56,2470.5,2470.55,2026-09-10T10:03:39.573474523Z,2026-09-10T10:03:42Z
2026-09-10T14:00:00Z,BTC-USD,76988.2,76988.2,76988.3,2026-09-10T14:21:38.539978025Z,2026-09-10T14:21:39Z
2026-09-10T14:00:00Z,ETH-USD,2431.95,2432.18,2432.19,2026-09-10T14:21:37.370756177Z,2026-09-10T14:21:39Z
2026-09-10T17:00:00Z,BTC-USD,77330.57,77330.55,77332.78,2026-09-10T17:44:11.775784446Z,2026-09-10T17:44:12Z
2026-09-10T17:00:00Z,ETH-USD,2465.31,2465.25,2465.47,2026-09-10T17:44:10.250356544Z,2026-09-10T17:44:12Z
2026-09-10T18:00:00Z,BTC-USD,77016.12,77016.11,77016.12,2026-09-10T18:20:01.846526971Z,2026-09-10T18:20:02Z
2026-09-10T18:00:00Z,ETH-USD,2455.21,2455.2,2455.21,2026-09-10T18:20:01.821835029Z,2026-09-10T18:20:02Z
2026-09-10T19:00:00Z,BTC-USD,77166.56,77166.55,77166.56,2026-09-10T19:01:42.886793528Z,2026-09-10T19:01:43Z
2026-09-10T19:00:00Z,ETH-USD,2466.31,2466.3,2466.31,2026-09-10T19:01:43.291735252Z,2026-09-10T19:01:43Z
2026-09-10T20:00:00Z,BTC-USD,77158.01,77158,77158.01,2026-09-10T20:01:43.657031200Z,2026-09-10T20:01:44Z
2026-09-10T20:00:00Z,ETH-USD,2462.88,2462.9,2462.91,2026-09-10T20:01:43.520964955Z,2026-09-10T20:01:44Z
2026-09-10T21:00:00Z,BTC-USD,77228.27,77228.27,77228.28,2026-09-10T21:01:41.086306086Z,2026-09-10T21:01:42Z
2026-09-10T21:00:00Z,ETH-USD,2460.79,2460.66,2460.91,2026-09-10T21:01:38.575449751Z,2026-09-10T21:01:42Z
2026-09-10T22:00:00Z,BTC-USD,77100.72,77100.71,77100.72,2026-09-10T22:01:51.145657957Z,2026-09-10T22:01:51Z
2026-09-10T22:00:00Z,ETH-USD,2458.51,2458.48,2458.63,2026-09-10T22:01:50.111704622Z,2026-09-10T22:01:51Z
2026-09-10T23:00:00Z,BTC-USD,76840.97,76840.97,76840.98,2026-09-10T23:01:40.313519535Z,2026-09-10T23:01:41Z
2026-09-10T23:00:00Z,ETH-USD,2445.91,2445.9,2445.91,2026-09-10T23:01:40.221408423Z,2026-09-10T23:01:41Z
2026-09-11T00:00:00Z,BTC-USD,76564.41,76563.27,76563.45,2026-09-11T00:01:40.074894701Z,2026-09-11T00:01:41Z
2026-09-11T00:00:00Z,ETH-USD,2438.7,2438.58,2438.8,2026-09-11T00:01:39.995561382Z,2026-09-11T00:01:41Z
2026-09-11T01:00:00Z,BTC-USD,76918.49,76918.48,76918.49,2026-09-11T01:01:42.804428910Z,2026-09-11T01:01:43Z
2026-09-11T01:00:00Z,ETH-USD,2456.88,2456.69,2456.82,2026-09-11T01:01:42.681524385Z,2026-09-11T01:01:43Z
2026-09-11T02:00:00Z,BTC-USD,76902.06,76902.05,76902.06,2026-09-11T02:01:39.768459250Z,2026-09-11T02:01:40Z
2026-09-11T02:00:00Z,ETH-USD,2451.92,2451.94,2451.95,2026-09-11T02:01:38.675563273Z,2026-09-11T02:01:40Z
2026-09-11T03:00:00Z,BTC-USD,76833.28,76833.28,76833.29,2026-09-11T03:01:37.551074806Z,2026-09-11T03:01:37Z
2026-09-11T03:00:00Z,ETH-USD,2446.34,2446.22,2446.34,2026-09-11T03:01:36.698862137Z,2026-09-11T03:01:37Z
2026-09-11T04:00:00Z,BTC-USD,76869.36,76869.36,76869.37,2026-09-11T04:01:36.656942055Z,2026-09-11T04:01:37Z
2026-09-11T04:00:00Z,ETH-USD,2446.81,2446.9,2447.07,2026-09-11T04:01:37.244023972Z,2026-09-11T04:01:37Z
2026-09-11T05:00:00Z,BTC-USD,77063.6,77063.6,77063.61,2026-09-11T05:01:36.105628558Z,2026-09-11T05:01:37Z
2026-09-11T05:00:00Z,ETH-USD,2457.34,2457.33,2457.34,2026-09-11T05:01:30.201166648Z,2026-09-11T05:01:37Z
2026-09-11T06:00:00Z,BTC-USD,77221.95,77221.95,77221.96,2026-09-11T06:01:40.324215237Z,2026-09-11T06:01:42Z
2026-09-11T06:00:00Z,ETH-USD,2467.38,2467.37,2467.38,2026-09-11T06:01:39.531996256Z,2026-09-11T06:01:42Z
2026-09-11T07:00:00Z,BTC-USD,77257.3,77257.3,77257.31,2026-09-11T07:01:54.424826254Z,2026-09-11T07:01:55Z
2026-09-11T07:00:00Z,ETH-USD,2465.62,2465.84,2465.85,2026-09-11T07:01:51.855060030Z,2026-09-11T07:01:55Z
2026-09-11T08:00:00Z,BTC-USD,77200.75,77200.75,77200.76,2026-09-11T08:01:46.724883761Z,2026-09-11T08:01:47Z
2026-09-11T08:00:00Z,ETH-USD,2466.3,2466.22,2466.23,2026-09-11T08:01:33.952380553Z,2026-09-11T08:01:47Z
2026-09-11T09:00:00Z,BTC-USD,77340.09,77340.09,77340.1,2026-09-11T09:01:42.966322441Z,2026-09-11T09:01:43Z
2026-09-11T09:00:00Z,ETH-USD,2476.14,2476.2,2476.22,2026-09-11T09:01:40.210046109Z,2026-09-11T09:01:43Z
2026-09-11T10:00:00Z,BTC-USD,77049.2,77049.2,77049.21,2026-09-11T10:01:40.014552161Z,2026-09-11T10:01:41Z
2026-09-11T10:00:00Z,ETH-USD,2468.84,2468.99,2469,2026-09-11T10:01:38.079797388Z,2026-09-11T10:01:41Z
2026-09-11T11:00:00Z,BTC-USD,76927.27,76927.27,76927.28,2026-09-11T11:01:45.898522865Z,2026-09-11T11:01:46Z
2026-09-11T11:00:00Z,ETH-USD,2458.79,2458.56,2458.57,2026-09-11T11:01:43.470242677Z,2026-09-11T11:01:46Z
2026-09-11T12:00:00Z,BTC-USD,77042.86,77042.86,77042.87,2026-09-11T12:01:48.834696440Z,2026-09-11T12:01:49Z
2026-09-11T12:00:00Z,ETH-USD,2457.88,2457.81,2457.82,2026-09-11T12:01:46.611891899Z,2026-09-11T12:01:49Z
2026-09-11T13:00:00Z,BTC-USD,77861.04,77854.34,77856.32,2026-09-11T13:01:46.763589636Z,2026-09-11T13:01:47Z
2026-09-11T13:00:00Z,ETH-USD,2504.19,2504.2,2504.21,2026-09-11T13:01:46.776130489Z,2026-09-11T13:01:47Z
2026-09-11T14:00:00Z,BTC-USD,79367.73,79377.73,79381.01,2026-09-11T14:01:42.855601669Z,2026-09-11T14:01:43Z
2026-09-11T14:00:00Z,ETH-USD,2636.1,2636.39,2636.4,2026-09-11T14:01:43.540925378Z,2026-09-11T14:01:43Z
2026-09-11T15:00:00Z,BTC-USD,78543.6,78543.6,78543.61,2026-09-11T15:01:48.406079642Z,2026-09-11T15:01:49Z
2026-09-11T15:00:00Z,ETH-USD,2600.21,2600.21,2600.26,2026-09-11T15:01:49.129940176Z,2026-09-11T15:01:49Z
2026-09-11T16:00:00Z,BTC-USD,77932.58,77932.58,77932.59,2026-09-11T16:01:43.216069072Z,2026-09-11T16:01:44Z
2026-09-11T16:00:00Z,ETH-USD,2573.06,2573.03,2573.22,2026-09-11T16:01:44.047183812Z,2026-09-11T16:01:44Z
2026-09-11T17:00:00Z,BTC-USD,77883.61,77883.6,77883.61,2026-09-11T17:01:45.019397377Z,2026-09-11T17:01:45Z
2026-09-11T17:00:00Z,ETH-USD,2578.3,2578.24,2578.25,2026-09-11T17:01:44.155667259Z,2026-09-11T17:01:45Z
2026-09-11T18:00:00Z,BTC-USD,77399.23,77395.42,77395.43,2026-09-11T18:01:39.676879221Z,2026-09-11T18:01:40Z
2026-09-11T18:00:00Z,ETH-USD,2562.46,2562.4,2562.57,2026-09-11T18:01:39.976145732Z,2026-09-11T18:01:40Z
2026-09-11T19:00:00Z,BTC-USD,76990.66,76990.66,76990.67,2026-09-11T19:01:45.730461130Z,2026-09-11T19:01:46Z
2026-09-11T19:00:00Z,ETH-USD,2533.32,2533.45,2533.46,2026-09-11T19:01:43.046482744Z,2026-09-11T19:01:46Z
2026-09-11T20:00:00Z,BTC-USD,77287.6,77287.6,77287.61,2026-09-11T20:01:35.346226248Z,2026-09-11T20:01:35Z
2026-09-11T20:00:00Z,ETH-USD,2540.4,2540.39,2540.4,2026-09-11T20:01:35.287166747Z,2026-09-11T20:01:35Z
2026-09-11T21:00:00Z,BTC-USD,77314.73,77314.73,77314.74,2026-09-11T21:01:39.509546887Z,2026-09-11T21:01:40Z
2026-09-11T21:00:00Z,ETH-USD,2531.37,2531.37,2531.49,2026-09-11T21:01:39.571274944Z,2026-09-11T21:01:40Z
2026-09-11T22:00:00Z,BTC-USD,77000.68,77001.66,77005.7,2026-09-11T22:01:45.368142459Z,2026-09-11T22:01:47Z
2026-09-11T22:00:00Z,ETH-USD,2508.83,2508.7,2508.84,2026-09-11T22:01:45.651241708Z,2026-09-11T22:01:47Z
2026-09-11T23:00:00Z,BTC-USD,77145.57,77145.57,77145.58,2026-09-11T23:01:34.136743422Z,2026-09-11T23:01:34Z
2026-09-11T23:00:00Z,ETH-USD,2511.89,2511.88,2511.89,2026-09-11T23:01:33.609339151Z,2026-09-11T23:01:34Z
2026-09-12T00:00:00Z,BTC-USD,77231.43,77231.42,77231.43,2026-09-12T00:01:35.988076648Z,2026-09-12T00:01:37Z
2026-09-12T00:00:00Z,ETH-USD,2514.36,2514.36,2514.38,2026-09-12T00:01:35.760132205Z,2026-09-12T00:01:37Z
2026-09-12T01:00:00Z,BTC-USD,77250.47,77250.47,77250.48,2026-09-12T01:01:42.689517760Z,2026-09-12T01:01:43Z
2026-09-12T01:00:00Z,ETH-USD,2509.67,2509.66,2509.67,2026-09-12T01:01:42.964663777Z,2026-09-12T01:01:43Z
2026-09-12T02:00:00Z,BTC-USD,77279.31,77279.31,77279.67,2026-09-12T02:01:32.971572481Z,2026-09-12T02:01:34Z
2026-09-12T02:00:00Z,ETH-USD,2514.67,2514.66,2514.67,2026-09-12T02:01:32.900976657Z,2026-09-12T02:01:34Z
2026-09-12T03:00:00Z,BTC-USD,77231.24,77231.23,77231.24,2026-09-12T03:01:38.621839933Z,2026-09-12T03:01:38Z
2026-09-12T03:00:00Z,ETH-USD,2512.6,2512.3,2512.31,2026-09-12T03:01:37.073869075Z,2026-09-12T03:01:38Z
2026-09-12T04:00:00Z,BTC-USD,77271.32,77271.32,77271.33,2026-09-12T04:01:35.108564007Z,2026-09-12T04:01:35Z
2026-09-12T04:00:00Z,ETH-USD,2512.74,2512.62,2512.74,2026-09-12T04:01:34.289859878Z,2026-09-12T04:01:35Z
2026-09-12T05:00:00Z,BTC-USD,77201.4,77201.39,77201.4,2026-09-12T05:01:42.873029994Z,2026-09-12T05:01:43Z
2026-09-12T05:00:00Z,ETH-USD,2511.75,2511.74,2511.75,2026-09-12T05:01:43.157404956Z,2026-09-12T05:01:43Z
2026-09-12T06:00:00Z,BTC-USD,77189.69,77189.69,77189.7,2026-09-12T06:01:43.274888338Z,2026-09-12T06:01:44Z
2026-09-12T06:00:00Z,ETH-USD,2511.44,2511.42,2511.43,2026-09-12T06:01:42.005529131Z,2026-09-12T06:01:44Z
2026-09-12T07:00:00Z,BTC-USD,77297.88,77297.88,77297.89,2026-09-12T07:01:46.736478505Z,2026-09-12T07:01:47Z
2026-09-12T07:00:00Z,ETH-USD,2520.98,2520.97,2520.98,2026-09-12T07:01:45.855040182Z,2026-09-12T07:01:47Z
2026-09-12T08:00:00Z,BTC-USD,77253.96,77247.27,77249.94,2026-09-12T08:01:41.268531374Z,2026-09-12T08:01:42Z
2026-09-12T08:00:00Z,ETH-USD,2523.33,2522.99,2523.08,2026-09-12T08:01:38.709748128Z,2026-09-12T08:01:42Z
2026-09-12T09:00:00Z,BTC-USD,77326.24,77326.24,77326.25,2026-09-12T09:01:41.706957765Z,2026-09-12T09:01:42Z
2026-09-12T09:00:00Z,ETH-USD,2531.91,2531.9,2531.91,2026-09-12T09:01:41.498630083Z,2026-09-12T09:01:42Z
2026-09-12T10:00:00Z,BTC-USD,77337.96,77337.95,77337.96,2026-09-12T10:01:38.941023184Z,2026-09-12T10:01:39Z
2026-09-12T10:00:00Z,ETH-USD,2532.6,2532.6,2532.61,2026-09-12T10:01:37.907762092Z,2026-09-12T10:01:39Z
2026-09-12T11:00:00Z,BTC-USD,77333.24,77333.24,77333.25,2026-09-12T11:01:36.285843210Z,2026-09-12T11:01:37Z
2026-09-12T11:00:00Z,ETH-USD,2534.59,2534.58,2534.59,2026-09-12T11:01:33.964062565Z,2026-09-12T11:01:37Z
2026-09-12T12:00:00Z,BTC-USD,77337.11,77337.11,77337.12,2026-09-12T12:01:40.891458024Z,2026-09-12T12:01:41Z
2026-09-12T12:00:00Z,ETH-USD,2535.35,2535.26,2535.36,2026-09-12T12:01:40.342720602Z,2026-09-12T12:01:41Z
2026-09-12T13:00:00Z,BTC-USD,77316.57,77316.57,77316.58,2026-09-12T13:01:46.077330578Z,2026-09-12T13:01:46Z
2026-09-12T13:00:00Z,ETH-USD,2535.08,2535.02,2535.08,2026-09-12T13:01:45.773722569Z,2026-09-12T13:01:46Z
2026-09-12T14:00:00Z,BTC-USD,77350.06,77350.06,77350.07,2026-09-12T14:01:45.738890840Z,2026-09-12T14:01:46Z
2026-09-12T14:00:00Z,ETH-USD,2541.85,2541.84,2541.85,2026-09-12T14:01:44.705983031Z,2026-09-12T14:01:46Z
2026-09-12T15:00:00Z,BTC-USD,77443.11,77443.11,77443.12,2026-09-12T15:01:42.715759692Z,2026-09-12T15:01:43Z
2026-09-12T15:00:00Z,ETH-USD,2539.22,2539.21,2539.22,2026-09-12T15:01:41.455031024Z,2026-09-12T15:01:43Z
2026-09-12T16:00:00Z,BTC-USD,77366.71,77366.71,77366.72,2026-09-12T16:01:43.202655447Z,2026-09-12T16:01:43Z
2026-09-12T16:00:00Z,ETH-USD,2534.42,2534.41,2534.48,2026-09-12T16:01:40.687345257Z,2026-09-12T16:01:43Z
2026-09-12T17:00:00Z,BTC-USD,77355.64,77355.64,77355.65,2026-09-12T17:01:41.603797858Z,2026-09-12T17:01:43Z
2026-09-12T17:00:00Z,ETH-USD,2532.58,2532.1,2532.26,2026-09-12T17:01:40.998296991Z,2026-09-12T17:01:43Z
2026-09-12T18:00:00Z,BTC-USD,77175.49,77175.49,77175.5,2026-09-12T18:01:42.291646693Z,2026-09-12T18:01:42Z
2026-09-12T18:00:00Z,ETH-USD,2524.69,2524.67,2524.69,2026-09-12T18:01:40.915990762Z,2026-09-12T18:01:42Z
2026-09-12T19:00:00Z,BTC-USD,77134.46,77134.46,77134.47,2026-09-12T19:01:36.168225407Z,2026-09-12T19:01:37Z
2026-09-12T19:00:00Z,ETH-USD,2521.7,2521.69,2521.7,2026-09-12T19:01:35.097062097Z,2026-09-12T19:01:37Z
2026-09-12T20:00:00Z,BTC-USD,77134.99,77134.99,77135,2026-09-12T20:01:39.988466007Z,2026-09-12T20:01:40Z
2026-09-12T20:00:00Z,ETH-USD,2519.54,2519.53,2519.54,2026-09-12T20:01:38.526275710Z,2026-09-12T20:01:40Z
2026-09-12T21:00:00Z,BTC-USD,77195.49,77195.49,77195.5,2026-09-12T21:01:45.641152896Z,2026-09-12T21:01:44Z
2026-09-12T21:00:00Z,ETH-USD,2522.3,2522.3,2522.31,2026-09-12T21:01:43.026097725Z,2026-09-12T21:01:44Z
2026-09-12T22:00:00Z,BTC-USD,77205.92,77203.49,77203.5,2026-09-12T22:01:44.514296358Z,2026-09-12T22:01:45Z
2026-09-12T22:00:00Z,ETH-USD,2521.12,2521.11,2521.12,2026-09-12T22:01:41.801251285Z,2026-09-12T22:01:45Z
2026-09-12T23:00:00Z,BTC-USD,77221.19,77221.19,77221.2,2026-09-12T23:01:38.013581574Z,2026-09-12T23:01:39Z
2026-09-12T23:00:00Z,ETH-USD,2522.66,2522.52,2522.66,2026-09-12T23:01:38.457476181Z,2026-09-12T23:01:39Z
2026-09-13T00:00:00Z,BTC-USD,77256.42,77256.42,77256.43,2026-09-13T00:01:45.720851956Z,2026-09-13T00:01:46Z
2026-09-13T00:00:00Z,ETH-USD,2525.4,2525.4,2525.41,2026-09-13T00:01:40.237750933Z,2026-09-13T00:01:46Z
2026-09-13T01:00:00Z,BTC-USD,77254.25,77254.24,77254.25,2026-09-13T01:01:32.591997082Z,2026-09-13T01:01:35Z
2026-09-13T01:00:00Z,ETH-USD,2524.88,2524.87,2524.88,2026-09-13T01:01:33.798231257Z,2026-09-13T01:01:35Z
2026-09-13T02:00:00Z,BTC-USD,77289.17,77289.17,77289.18,2026-09-13T02:01:31.734034378Z,2026-09-13T02:01:35Z
2026-09-13T02:00:00Z,ETH-USD,2524.52,2524.52,2524.53,2026-09-13T02:01:34.134718030Z,2026-09-13T02:01:35Z
2026-09-13T03:00:00Z,BTC-USD,77252.72,77252.72,77252.73,2026-09-13T03:01:37.926658561Z,2026-09-13T03:01:38Z
2026-09-13T03:00:00Z,ETH-USD,2519.42,2519.41,2519.42,2026-09-13T03:01:37.608046376Z,2026-09-13T03:01:38Z
2026-09-13T04:00:00Z,BTC-USD,77184.26,77184.25,77184.26,2026-09-13T04:01:31.739570635Z,2026-09-13T04:01:32Z
2026-09-13T04:00:00Z,ETH-USD,2519.96,2519.96,2519.97,2026-09-13T04:01:30.268613811Z,2026-09-13T04:01:32Z
2026-09-13T05:00:00Z,BTC-USD,77193.35,77193.35,77193.36,2026-09-13T05:01:42.359143547Z,2026-09-13T05:01:42Z
2026-09-13T05:00:00Z,ETH-USD,2520.08,2520.07,2520.08,2026-09-13T05:01:41.620160370Z,2026-09-13T05:01:42Z
2026-09-13T06:00:00Z,BTC-USD,77291.27,77291.26,77291.27,2026-09-13T06:01:46.227117842Z,2026-09-13T06:01:46Z
2026-09-13T06:00:00Z,ETH-USD,2521.97,2521.9,2521.97,2026-09-13T06:01:44.913846017Z,2026-09-13T06:01:46Z
2026-09-13T07:00:00Z,BTC-USD,77122.56,77122.56,77122.57,2026-09-13T07:01:44.064806343Z,2026-09-13T07:01:44Z
2026-09-13T07:00:00Z,ETH-USD,2513.33,2513.15,2513.16,2026-09-13T07:01:42.503073788Z,2026-09-13T07:01:44Z
2026-09-13T08:00:00Z,BTC-USD,77109.58,77109.57,77109.58,2026-09-13T08:01:40.944908588Z,2026-09-13T08:01:42Z
2026-09-13T08:00:00Z,ETH-USD,2517.66,2517.44,2517.62,2026-09-13T08:01:40.698220793Z,2026-09-13T08:01:42Z
2026-09-13T09:00:00Z,BTC-USD,76619.27,76619.27,76619.28,2026-09-13T09:31:28.728474309Z,2026-09-13T09:31:29Z
2026-09-13T09:00:00Z,ETH-USD,2479.5,2479.48,2479.67,2026-09-13T09:31:26.678728210Z,2026-09-13T09:31:29Z
2026-09-13T10:00:00Z,BTC-USD,76778.84,76778.83,76778.84,2026-09-13T10:01:51.217264112Z,2026-09-13T10:01:51Z
2026-09-13T10:00:00Z,ETH-USD,2484.42,2484.27,2484.49,2026-09-13T10:01:51.045875982Z,2026-09-13T10:01:51Z
2026-09-13T11:00:00Z,BTC-USD,76672.88,76672.88,76672.89,2026-09-13T11:01:37.539616231Z,2026-09-13T11:01:39Z
2026-09-13T11:00:00Z,ETH-USD,2473.49,2473.48,2473.56,2026-09-13T11:01:38.870720645Z,2026-09-13T11:01:39Z
2026-09-13T12:00:00Z,BTC-USD,76740.64,76740.64,76740.65,2026-09-13T12:01:39.283513604Z,2026-09-13T12:01:40Z
2026-09-13T12:00:00Z,ETH-USD,2479.61,2479.61,2479.62,2026-09-13T12:01:33.799874864Z,2026-09-13T12:01:40Z
2026-09-13T13:00:00Z,BTC-USD,76702.29,76702.29,76702.3,2026-09-13T13:01:45.931220596Z,2026-09-13T13:01:46Z
2026-09-13T13:00:00Z,ETH-USD,2475.53,2475.46,2475.53,2026-09-13T13:01:39.922289322Z,2026-09-13T13:01:46Z
2026-09-13T14:00:00Z,BTC-USD,76827.58,76827.57,76827.58,2026-09-13T14:01:40.644689369Z,2026-09-13T14:01:41Z
2026-09-13T14:00:00Z,ETH-USD,2478.68,2478.68,2478.76,2026-09-13T14:01:36.248347273Z,2026-09-13T14:01:41Z
2026-09-13T15:00:00Z,BTC-USD,77135.11,77135.1,77135.11,2026-09-13T15:01:42.780891403Z,2026-09-13T15:01:44Z
2026-09-13T15:00:00Z,ETH-USD,2488.22,2488.29,2488.35,2026-09-13T15:01:40.878041864Z,2026-09-13T15:01:44Z
2026-09-13T16:00:00Z,BTC-USD,77134.72,77134.72,77134.73,2026-09-13T16:01:39.395816241Z,2026-09-13T16:01:39Z
2026-09-13T16:00:00Z,ETH-USD,2490.59,2490.9,2490.91,2026-09-13T16:01:40.056766720Z,2026-09-13T16:01:39Z
2026-09-13T17:00:00Z,BTC-USD,77280.68,77280.68,77281.1,2026-09-13T17:01:44.189395029Z,2026-09-13T17:01:44Z
2026-09-13T17:00:00Z,ETH-USD,2505.06,2505.05,2505.06,2026-09-13T17:01:44.282559580Z,2026-09-13T17:01:44Z
2026-09-13T18:00:00Z,BTC-USD,77304.5,77304.44,77304.51,2026-09-13T18:01:34.796979791Z,2026-09-13T18:01:35Z
2026-09-13T18:00:00Z,ETH-USD,2504.92,2504.91,2504.92,2026-09-13T18:01:35.023617513Z,2026-09-13T18:01:35Z
2026-09-13T19:00:00Z,BTC-USD,77319.04,77320.04,77322.24,2026-09-13T19:01:43.344499208Z,2026-09-13T19:01:44Z
2026-09-13T19:00:00Z,ETH-USD,2509.1,2509.1,2509.11,2026-09-13T19:01:42.310097873Z,2026-09-13T19:01:44Z
2026-09-13T20:00:00Z,BTC-USD,77271.22,77271.21,77271.22,2026-09-13T20:01:35.405516460Z,2026-09-13T20:01:35Z
2026-09-13T20:00:00Z,ETH-USD,2506.53,2506.43,2506.51,2026-09-13T20:01:34.947930211Z,2026-09-13T20:01:35Z
2026-09-13T21:00:00Z,BTC-USD,77304.8,77304.82,77306.99,2026-09-13T21:01:34.614632811Z,2026-09-13T21:01:35Z
2026-09-13T21:00:00Z,ETH-USD,2512.26,2512.26,2512.27,2026-09-13T21:01:32.304228674Z,2026-09-13T21:01:35Z
2026-09-13T22:00:00Z,BTC-USD,77069.69,77064.18,77069.69,2026-09-13T22:01:42.039509506Z,2026-09-13T22:01:42Z
2026-09-13T22:00:00Z,ETH-USD,2498.7,2498.4,2498.41,2026-09-13T22:01:39.097612042Z,2026-09-13T22:01:42Z
2026-09-13T23:00:00Z,BTC-USD,76673.96,76673.95,76673.96,2026-09-13T23:01:34.414911431Z,2026-09-13T23:01:34Z
2026-09-13T23:00:00Z,ETH-USD,2475.06,2475.02,2475.03,2026-09-13T23:01:32.467016242Z,2026-09-13T23:01:34Z
2026-09-14T00:00:00Z,BTC-USD,76852.24,76852.24,76852.25,2026-09-14T00:01:33.276924320Z,2026-09-14T00:01:33Z
2026-09-14T00:00:00Z,ETH-USD,2477.62,2477.48,2477.56,2026-09-14T00:01:29.849785079Z,2026-09-14T00:01:33Z
2026-09-14T01:00:00Z,BTC-USD,76764.8,76764.79,76764.8,2026-09-14T01:01:32.132249334Z,2026-09-14T01:01:32Z
2026-09-14T01:00:00Z,ETH-USD,2482.83,2483.05,2483.1,2026-09-14T01:01:30.852755589Z,2026-09-14T01:01:32Z
2026-09-14T02:00:00Z,BTC-USD,77025.05,77025.05,77025.06,2026-09-14T02:01:32.640583429Z,2026-09-14T02:01:33Z
2026-09-14T02:00:00Z,ETH-USD,2490.69,2490.64,2490.65,2026-09-14T02:01:27.551448360Z,2026-09-14T02:01:33Z
2026-09-14T03:00:00Z,BTC-USD,77594.12,77594.11,77594.12,2026-09-14T03:01:34.101854364Z,2026-09-14T03:01:34Z
2026-09-14T03:00:00Z,ETH-USD,2511.16,2511.3,2511.31,2026-09-14T03:01:31.716626783Z,2026-09-14T03:01:34Z
2026-09-14T04:00:00Z,BTC-USD,77531.16,77531.16,77531.17,2026-09-14T04:01:33.615927387Z,2026-09-14T04:01:34Z
2026-09-14T04:00:00Z,ETH-USD,2510.62,2510.61,2510.62,2026-09-14T04:01:31.215627977Z,2026-09-14T04:01:34Z
2026-09-14T05:00:00Z,BTC-USD,77583.94,77583.94,77583.95,2026-09-14T05:01:36.741117027Z,2026-09-14T05:01:37Z
2026-09-14T05:00:00Z,ETH-USD,2512.82,2512.81,2512.82,2026-09-14T05:01:35.984790813Z,2026-09-14T05:01:37Z
2026-09-14T06:00:00Z,BTC-USD,77598.77,77598.77,77598.78,2026-09-14T06:01:41.513145452Z,2026-09-14T06:01:42Z
2026-09-14T06:00:00Z,ETH-USD,2516.62,2516.61,2516.62,2026-09-14T06:01:41.907577726Z,2026-09-14T06:01:42Z
2026-09-14T07:00:00Z,BTC-USD,77522.45,77522.45,77522.46,2026-09-14T07:01:37.426683834Z,2026-09-14T07:01:39Z
2026-09-14T07:00:00Z,ETH-USD,2511.78,2511.77,2511.78,2026-09-14T07:01:37.114182238Z,2026-09-14T07:01:39Z
2026-09-14T08:00:00Z,BTC-USD,77784.04,77784.04,77784.05,2026-09-14T08:01:43.541723118Z,2026-09-14T08:01:44Z
2026-09-14T08:00:00Z,ETH-USD,2520.25,2520.15,2520.16,2026-09-14T08:01:41.066508485Z,2026-09-14T08:01:44Z
2026-09-14T09:00:00Z,BTC-USD,77738.52,77738.52,77738.53,2026-09-14T09:01:40.095706221Z,2026-09-14T09:01:41Z
2026-09-14T09:00:00Z,ETH-USD,2518.58,2518.57,2518.58,2026-09-14T09:01:39.831853922Z,2026-09-14T09:01:41Z
2026-09-14T10:00:00Z,BTC-USD,78062.47,78062.47,78062.48,2026-09-14T10:01:43.844532694Z,2026-09-14T10:01:44Z
2026-09-14T10:00:00Z,ETH-USD,2521.68,2521.59,2521.65,2026-09-14T10:01:43.066101189Z,2026-09-14T10:01:44Z
2026-09-14T11:00:00Z,BTC-USD,77864.7,77864.7,77867,2026-09-14T11:01:45.702145300Z,2026-09-14T11:01:46Z
2026-09-14T11:00:00Z,ETH-USD,2513.1,2513.17,2513.44,2026-09-14T11:01:43.579373815Z,2026-09-14T11:01:46Z
2026-09-14T12:00:00Z,BTC-USD,77761.14,77761.14,77761.99,2026-09-14T12:01:52.555972874Z,2026-09-14T12:01:53Z
2026-09-14T12:00:00Z,ETH-USD,2507.77,2507.84,2507.85,2026-09-14T12:01:49.691725189Z,2026-09-14T12:01:53Z
2026-09-14T13:00:00Z,BTC-USD,77633.99,77633.98,77633.99,2026-09-14T13:01:49.359128466Z,2026-09-14T13:01:50Z
2026-09-14T13:00:00Z,ETH-USD,2501.29,2501.23,2501.35,2026-09-14T13:01:48.245526007Z,2026-09-14T13:01:50Z
2026-09-14T14:00:00Z,BTC-USD,78316.69,78316.75,78321.15,2026-09-14T14:01:46.629474095Z,2026-09-14T14:01:46Z
2026-09-14T14:00:00Z,ETH-USD,2504.53,2504.62,2504.69,2026-09-14T14:01:46.226036970Z,2026-09-14T14:01:46Z
2026-09-14T15:00:00Z,BTC-USD,78391,78391,78391.01,2026-09-14T15:01:45.289392020Z,2026-09-14T15:01:45Z
2026-09-14T15:00:00Z,ETH-USD,2498.46,2498.47,2498.59,2026-09-14T15:01:45.216637164Z,2026-09-14T15:01:45Z
2026-09-14T16:00:00Z,BTC-USD,78511.42,78514.17,78516.38,2026-09-14T16:01:46.436545515Z,2026-09-14T16:01:46Z
2026-09-14T16:00:00Z,ETH-USD,2506.01,2506.02,2506.13,2026-09-14T16:01:45.952675941Z,2026-09-14T16:01:46Z
2026-09-14T17:00:00Z,BTC-USD,78752.5,78752.51,78752.74,2026-09-14T17:01:42.599186453Z,2026-09-14T17:01:43Z
2026-09-14T17:00:00Z,ETH-USD,2526.83,2526.94,2527.08,2026-09-14T17:01:41.851359018Z,2026-09-14T17:01:43Z
2026-09-14T18:00:00Z,BTC-USD,78925.98,78925.98,78925.99,2026-09-14T18:01:42.251901460Z,2026-09-14T18:01:43Z
2026-09-14T18:00:00Z,ETH-USD,2532.64,2532.67,2532.68,2026-09-14T18:01:41.524031997Z,2026-09-14T18:01:43Z
2026-09-14T19:00:00Z,BTC-USD,79144.19,79144.18,79144.19,2026-09-14T19:01:39.013319376Z,2026-09-14T19:01:39Z
2026-09-14T19:00:00Z,ETH-USD,2538,2538,2538.01,2026-09-14T19:01:38.364356499Z,2026-09-14T19:01:39Z
2026-09-14T20:00:00Z,BTC-USD,78985.04,78985.04,78985.05,2026-09-14T20:01:35.019209318Z,2026-09-14T20:01:35Z
2026-09-14T20:00:00Z,ETH-USD,2540.88,2540.88,2540.89,2026-09-14T20:01:35.267544394Z,2026-09-14T20:01:35Z
2026-09-14T21:00:00Z,BTC-USD,79010.68,79011.46,79011.47,2026-09-14T21:01:30.142643539Z,2026-09-14T21:01:31Z
2026-09-14T21:00:00Z,ETH-USD,2561.4,2561.99,2562.24,2026-09-14T21:01:29.711561480Z,2026-09-14T21:01:31Z
2026-09-14T22:00:00Z,BTC-USD,78761.07,78761.07,78761.08,2026-09-14T22:02:19.882873777Z,2026-09-14T22:02:20Z
2026-09-14T22:00:00Z,ETH-USD,2545.73,2545.85,2545.87,2026-09-14T22:02:18.229329660Z,2026-09-14T22:02:20Z
2026-09-14T23:00:00Z,BTC-USD,78523.72,78523.19,78523.2,2026-09-14T23:01:34.896190638Z,2026-09-14T23:01:35Z
2026-09-14T23:00:00Z,ETH-USD,2531.91,2531.91,2531.95,2026-09-14T23:01:35.195886314Z,2026-09-14T23:01:35Z
2026-09-15T00:00:00Z,BTC-USD,78191.34,78191.34,78191.35,2026-09-15T00:01:35.888226027Z,2026-09-15T00:01:36Z
2026-09-15T00:00:00Z,ETH-USD,2513.79,2514,2514.07,2026-09-15T00:01:34.856456709Z,2026-09-15T00:01:36Z
2026-09-15T01:00:00Z,BTC-USD,77875.48,77875.5,77877.63,2026-09-15T01:01:29.977921451Z,2026-09-15T01:01:30Z
2026-09-15T01:00:00Z,ETH-USD,2513.02,2513.02,2513.03,2026-09-15T01:01:28.204459230Z,2026-09-15T01:01:30Z
2026-09-15T02:00:00Z,BTC-USD,77889.4,77889.39,77889.4,2026-09-15T02:01:30.266362834Z,2026-09-15T02:01:31Z
2026-09-15T02:00:00Z,ETH-USD,2515.93,2515.6,2515.61,2026-09-15T02:01:19.166067289Z,2026-09-15T02:01:31Z
2026-09-15T03:00:00Z,BTC-USD,77831.25,77831.25,77831.26,2026-09-15T03:01:28.168763575Z,2026-09-15T03:01:29Z
2026-09-15T03:00:00Z,ETH-USD,2509.77,2509.76,2509.77,2026-09-15T03:01:28.630399375Z,2026-09-15T03:01:29Z
2026-09-15T04:00:00Z,BTC-USD,77686.13,77686.12,77686.13,2026-09-15T04:01:31.354146844Z,2026-09-15T04:01:32Z
2026-09-15T04:00:00Z,ETH-USD,2499.03,2498.9,2499.03,2026-09-15T04:01:31.359138500Z,2026-09-15T04:01:32Z
2026-09-15T05:00:00Z,BTC-USD,77566.54,77566.54,77566.55,2026-09-15T05:01:36.272850528Z,2026-09-15T05:01:36Z
2026-09-15T05:00:00Z,ETH-USD,2492.09,2492.08,2492.1,2026-09-15T05:01:35.205275740Z,2026-09-15T05:01:36Z
2026-09-15T06:00:00Z,BTC-USD,77689.1,77689.09,77689.1,2026-09-15T06:01:34.777757532Z,2026-09-15T06:01:35Z
2026-09-15T06:00:00Z,ETH-USD,2498.34,2498.12,2498.23,2026-09-15T06:01:32.166970915Z,2026-09-15T06:01:35Z
2026-09-15T07:00:00Z,BTC-USD,77262.16,77262.16,77262.17,2026-09-15T07:01:39.659240869Z,2026-09-15T07:01:40Z
2026-09-15T07:00:00Z,ETH-USD,2485.16,2484.93,2484.94,2026-09-15T07:01:41.068679990Z,2026-09-15T07:01:40Z
2026-09-15T08:00:00Z,BTC-USD,76804.91,76807.66,76807.67,2026-09-15T08:02:12.206564087Z,2026-09-15T08:02:12Z
2026-09-15T08:00:00Z,ETH-USD,2469.73,2469.51,2469.52,2026-09-15T08:02:10.801363303Z,2026-09-15T08:02:12Z
2026-09-15T09:00:00Z,BTC-USD,76882.32,76882.31,76882.32,2026-09-15T09:01:42.589063194Z,2026-09-15T09:01:43Z
2026-09-15T09:00:00Z,ETH-USD,2474.06,2474.05,2474.06,2026-09-15T09:01:43.476174822Z,2026-09-15T09:01:43Z
2026-09-15T10:00:00Z,BTC-USD,76927.73,76925.02,76925.03,2026-09-15T10:01:36.521959848Z,2026-09-15T10:01:37Z
2026-09-15T10:00:00Z,ETH-USD,2472.72,2472.71,2472.72,2026-09-15T10:01:35.656536090Z,2026-09-15T10:01:37Z
2026-09-15T11:00:00Z,BTC-USD,77033.49,77033.49,77033.5,2026-09-15T11:01:34.616982257Z,2026-09-15T11:01:35Z
2026-09-15T11:00:00Z,ETH-USD,2483.72,2483.71,2483.72,2026-09-15T11:01:34.178893009Z,2026-09-15T11:01:35Z
2026-09-15T12:00:00Z,BTC-USD,76887.94,76887.94,76887.95,2026-09-15T12:01:50.449127556Z,2026-09-15T12:01:51Z
2026-09-15T12:00:00Z,ETH-USD,2474.98,2474.98,2474.99,2026-09-15T12:01:50.376316114Z,2026-09-15T12:01:51Z
2026-09-15T13:00:00Z,BTC-USD,76958.08,76958.19,76958.2,2026-09-15T13:01:41.951675459Z,2026-09-15T13:01:42Z
2026-09-15T13:00:00Z,ETH-USD,2480.52,2480.48,2480.57,2026-09-15T13:01:41.937342104Z,2026-09-15T13:01:42Z
2026-09-15T14:00:00Z,BTC-USD,76499.95,76499.95,76499.96,2026-09-15T14:01:38.919922908Z,2026-09-15T14:01:39Z
2026-09-15T14:00:00Z,ETH-USD,2450.6,2450.6,2450.61,2026-09-15T14:01:38.471616510Z,2026-09-15T14:01:39Z
2026-09-15T15:00:00Z,BTC-USD,75825.95,75827.23,75833.38,2026-09-15T15:01:40.147068297Z,2026-09-15T15:01:40Z
2026-09-15T15:00:00Z,ETH-USD,2400.6,2400.36,2400.6,2026-09-15T15:01:40.775363765Z,2026-09-15T15:01:40Z
2026-09-15T16:00:00Z,BTC-USD,76488.19,76488.19,76488.2,2026-09-15T16:01:39.386907683Z,2026-09-15T16:01:40Z
2026-09-15T16:00:00Z,ETH-USD,2422.97,2422.82,2422.89,2026-09-15T16:01:38.990128063Z,2026-09-15T16:01:40Z
2026-09-15T17:00:00Z,BTC-USD,76349.97,76349.96,76349.97,2026-09-15T17:01:36.710267901Z,2026-09-15T17:01:37Z
2026-09-15T17:00:00Z,ETH-USD,2421.41,2421.24,2421.25,2026-09-15T17:01:35.411604112Z,2026-09-15T17:01:37Z
2026-09-15T18:00:00Z,BTC-USD,76818.23,76818.23,76818.24,2026-09-15T18:01:42.033394027Z,2026-09-15T18:01:42Z
2026-09-15T18:00:00Z,ETH-USD,2436,2435.91,2436.21,2026-09-15T18:01:41.387269668Z,2026-09-15T18:01:42Z
2026-09-15T19:00:00Z,BTC-USD,75800.73,75807.37,75808.46,2026-09-15T19:01:35.221304463Z,2026-09-15T19:01:36Z
2026-09-15T19:00:00Z,ETH-USD,2399.53,2399.39,2399.5,2026-09-15T19:01:34.484314075Z,2026-09-15T19:01:36Z
2026-09-15T20:00:00Z,BTC-USD,76169.33,76169.33,76169.34,2026-09-15T20:01:40.013978597Z,2026-09-15T20:01:40Z
2026-09-15T20:00:00Z,ETH-USD,2415.34,2415.09,2415.35,2026-09-15T20:01:40.353688361Z,2026-09-15T20:01:40Z
2026-09-15T21:00:00Z,BTC-USD,75730.82,75730.82,75730.83,2026-09-15T21:01:33.447134631Z,2026-09-15T21:01:34Z
2026-09-15T21:00:00Z,ETH-USD,2398.82,2398.75,2398.8,2026-09-15T21:01:32.640309402Z,2026-09-15T21:01:34Z
2026-09-15T22:00:00Z,BTC-USD,75348.05,75348.04,75348.05,2026-09-15T22:01:43.964967423Z,2026-09-15T22:01:44Z
2026-09-15T22:00:00Z,ETH-USD,2386.6,2386.77,2386.78,2026-09-15T22:01:40.914212556Z,2026-09-15T22:01:44Z
2026-09-15T23:00:00Z,BTC-USD,75681.89,75681.76,75683.26,2026-09-15T23:01:34.289724367Z,2026-09-15T23:01:35Z
2026-09-15T23:00:00Z,ETH-USD,2398.09,2397.94,2398.09,2026-09-15T23:01:33.004157236Z,2026-09-15T23:01:35Z
2026-09-16T00:00:00Z,BTC-USD,75566.14,75566.14,75566.15,2026-09-16T00:01:38.304921443Z,2026-09-16T00:01:39Z
2026-09-16T00:00:00Z,ETH-USD,2397.2,2396.91,2397.04,2026-09-16T00:01:35.415145834Z,2026-09-16T00:01:39Z
2026-09-16T01:00:00Z,BTC-USD,75794.07,75793.46,75793.47,2026-09-16T01:01:37.568713617Z,2026-09-16T01:01:37Z
2026-09-16T01:00:00Z,ETH-USD,2401.42,2401.09,2401.1,2026-09-16T01:01:36.657504276Z,2026-09-16T01:01:37Z
2026-09-16T02:00:00Z,BTC-USD,75462,75462,75462.01,2026-09-16T02:01:34.585510605Z,2026-09-16T02:01:35Z
2026-09-16T02:00:00Z,ETH-USD,2389.1,2389.09,2389.15,2026-09-16T02:01:31.834978401Z,2026-09-16T02:01:35Z
2026-09-16T03:00:00Z,BTC-USD,75889.83,75889.83,75889.84,2026-09-16T03:01:34.036340642Z,2026-09-16T03:01:34Z
2026-09-16T03:00:00Z,ETH-USD,2404.06,2404.06,2404.07,2026-09-16T03:01:32.862421162Z,2026-09-16T03:01:34Z
2026-09-16T04:00:00Z,BTC-USD,75772.57,75772.58,75772.59,2026-09-16T04:01:39.628412295Z,2026-09-16T04:01:40Z
2026-09-16T04:00:00Z,ETH-USD,2400.79,2400.79,2400.8,2026-09-16T04:01:38.130511547Z,2026-09-16T04:01:40Z
2026-09-16T05:00:00Z,BTC-USD,75766.86,75766.86,75766.87,2026-09-16T05:01:39.266779900Z,2026-09-16T05:01:40Z
2026-09-16T05:00:00Z,ETH-USD,2401.08,2401.07,2401.08,2026-09-16T05:01:36.803689061Z,2026-09-16T05:01:40Z
2026-09-16T06:00:00Z,BTC-USD,75962.51,75962.51,75962.52,2026-09-16T06:01:39.615435238Z,2026-09-16T06:01:39Z
2026-09-16T06:00:00Z,ETH-USD,2406.44,2406.38,2406.53,2026-09-16T06:01:39.374734729Z,2026-09-16T06:01:39Z
2026-09-16T07:00:00Z,BTC-USD,75979.27,75979.27,75979.28,2026-09-16T07:01:43.714832947Z,2026-09-16T07:01:45Z
2026-09-16T07:00:00Z,ETH-USD,2405.11,2405.02,2405.03,2026-09-16T07:01:42.287057372Z,2026-09-16T07:01:45Z
2026-09-16T08:00:00Z,BTC-USD,75662.95,75662.95,75662.96,2026-09-16T08:01:39.343767379Z,2026-09-16T08:01:40Z
2026-09-16T08:00:00Z,ETH-USD,2394.46,2394.46,2394.47,2026-09-16T08:01:35.948764717Z,2026-09-16T08:01:40Z
2026-09-16T09:00:00Z,BTC-USD,75711.99,75711.99,75712,2026-09-16T09:01:38.300024385Z,2026-09-16T09:01:39Z
2026-09-16T09:00:00Z,ETH-USD,2402.2,2402.2,2402.21,2026-09-16T09:01:38.845460190Z,2026-09-16T09:01:39Z
2026-09-16T10:00:00Z,BTC-USD,75980.28,75980.28,75980.29,2026-09-16T10:01:40.179496665Z,2026-09-16T10:01:40Z
2026-09-16T10:00:00Z,ETH-USD,2403.36,2403.36,2403.37,2026-09-16T10:01:39.376219123Z,2026-09-16T10:01:40Z
2026-09-16T11:00:00Z,BTC-USD,75898.28,75898.28,75898.29,2026-09-16T11:01:41.027602490Z,2026-09-16T11:01:42Z
2026-09-16T11:00:00Z,ETH-USD,2404.07,2404.31,2404.32,2026-09-16T11:01:40.820833446Z,2026-09-16T11:01:42Z
2026-09-16T12:00:00Z,BTC-USD,76167.12,76167.12,76167.13,2026-09-16T12:01:38.912945707Z,2026-09-16T12:01:39Z
2026-09-16T12:00:00Z,ETH-USD,2420.18,2420.16,2420.22,2026-09-16T12:01:35.367075386Z,2026-09-16T12:01:39Z
2026-09-16T13:00:00Z,BTC-USD,75795.05,75795.05,75795.06,2026-09-16T13:01:36.608595943Z,2026-09-16T13:01:36Z
2026-09-16T13:00:00Z,ETH-USD,2401.92,2402.08,2402.16,2026-09-16T13:01:35.358131597Z,2026-09-16T13:01:36Z
2026-09-16T14:00:00Z,BTC-USD,75584.92,75586.07,75586.08,2026-09-16T14:01:42.664458935Z,2026-09-16T14:01:44Z
2026-09-16T14:00:00Z,ETH-USD,2391.93,2391.92,2391.93,2026-09-16T14:01:42.973490707Z,2026-09-16T14:01:44Z
2026-09-16T15:00:00Z,BTC-USD,75683.24,75688.58,75696.91,2026-09-16T15:01:43.455479635Z,2026-09-16T15:01:44Z
2026-09-16T15:00:00Z,ETH-USD,2392.38,2392.41,2392.46,2026-09-16T15:01:43.312394226Z,2026-09-16T15:01:44Z
2026-09-16T16:00:00Z,BTC-USD,75726.72,75726.72,75726.73,2026-09-16T16:01:43.504080568Z,2026-09-16T16:01:43Z
2026-09-16T16:00:00Z,ETH-USD,2390.95,2390.91,2390.92,2026-09-16T16:01:38.455236802Z,2026-09-16T16:01:43Z
2026-09-16T17:00:00Z,BTC-USD,75686.4,75686.4,75686.41,2026-09-16T17:01:38.065250394Z,2026-09-16T17:01:38Z
2026-09-16T17:00:00Z,ETH-USD,2388.3,2388.59,2388.61,2026-09-16T17:01:34.563097850Z,2026-09-16T17:01:38Z
2026-09-16T18:00:00Z,BTC-USD,75403.98,75408.78,75410.4,2026-09-16T18:01:43.547503334Z,2026-09-16T18:01:44Z
2026-09-16T18:00:00Z,ETH-USD,2377.8,2377.93,2377.97,2026-09-16T18:01:43.359125803Z,2026-09-16T18:01:44Z
2026-09-16T19:00:00Z,BTC-USD,75920,75926.89,75930.4,2026-09-16T19:01:41.089086086Z,2026-09-16T19:01:41Z
2026-09-16T19:00:00Z,ETH-USD,2409.33,2409.57,2409.58,2026-09-16T19:01:41.275115582Z,2026-09-16T19:01:41Z
2026-09-16T20:00:00Z,BTC-USD,75964.9,75964.9,75964.91,2026-09-16T20:01:39.986314667Z,2026-09-16T20:01:40Z
2026-09-16T20:00:00Z,ETH-USD,2403.5,2403.57,2403.87,2026-09-16T20:01:35.800378515Z,2026-09-16T20:01:40Z
2026-09-16T21:00:00Z,BTC-USD,76097.77,76097.77,76097.78,2026-09-16T21:01:38.264744028Z,2026-09-16T21:01:38Z
2026-09-16T21:00:00Z,ETH-USD,2408.28,2408.2,2408.42,2026-09-16T21:01:36.881838122Z,2026-09-16T21:01:38Z
2026-09-16T22:00:00Z,BTC-USD,75805.6,75800,75800.01,2026-09-16T22:01:43.109135378Z,2026-09-16T22:01:43Z
2026-09-16T22:00:00Z,ETH-USD,2397.96,2397.91,2398.16,2026-09-16T22:01:43.219335246Z,2026-09-16T22:01:43Z
2026-09-16T23:00:00Z,BTC-USD,75618.4,75626.67,75626.68,2026-09-16T23:01:38.688736819Z,2026-09-16T23:01:40Z
2026-09-16T23:00:00Z,ETH-USD,2390.6,2390.58,2390.62,2026-09-16T23:01:40.036346084Z,2026-09-16T23:01:40Z
2026-09-17T00:00:00Z,BTC-USD,76187.17,76187.16,76187.17,2026-09-17T00:01:38.475772853Z,2026-09-17T00:01:39Z
2026-09-17T00:00:00Z,ETH-USD,2415.98,2415.85,2415.97,2026-09-17T00:01:37.567063398Z,2026-09-17T00:01:39Z
2026-09-17T01:00:00Z,BTC-USD,76172.81,76172.8,76172.81,2026-09-17T01:01:37.381679889Z,2026-09-17T01:01:38Z
2026-09-17T01:00:00Z,ETH-USD,2412.62,2412.53,2412.54,2026-09-17T01:01:37.619571974Z,2026-09-17T01:01:38Z
2026-09-17T02:00:00Z,BTC-USD,76257.05,76257.04,76257.05,2026-09-17T02:01:36.482017442Z,2026-09-17T02:01:36Z
2026-09-17T02:00:00Z,ETH-USD,2425.05,2424.9,2424.99,2026-09-17T02:01:35.991234146Z,2026-09-17T02:01:36Z
2026-09-17T03:00:00Z,BTC-USD,76341.63,76341.63,76341.64,2026-09-17T03:01:39.924027457Z,2026-09-17T03:01:40Z
2026-09-17T03:00:00Z,ETH-USD,2429.17,2429.04,2429.16,2026-09-17T03:01:37.300248901Z,2026-09-17T03:01:40Z
2026-09-17T04:00:00Z,BTC-USD,76325.61,76325.6,76325.61,2026-09-17T04:01:34.439082534Z,2026-09-17T04:01:34Z
2026-09-17T04:00:00Z,ETH-USD,2432.02,2432.01,2432.02,2026-09-17T04:01:33.375244634Z,2026-09-17T04:01:34Z
2026-09-17T05:00:00Z,BTC-USD,76524.15,76524.15,76524.16,2026-09-17T05:01:34.432828517Z,2026-09-17T05:01:35Z
2026-09-17T05:00:00Z,ETH-USD,2443.48,2442.96,2443.19,2026-09-17T05:01:35.008333023Z,2026-09-17T05:01:35Z
2026-09-17T06:00:00Z,BTC-USD,76251.71,76251.71,76251.72,2026-09-17T06:01:39.455214642Z,2026-09-17T06:01:39Z
2026-09-17T06:00:00Z,ETH-USD,2435.28,2435.31,2435.32,2026-09-17T06:01:38.730837170Z,2026-09-17T06:01:39Z
2026-09-17T07:00:00Z,BTC-USD,76451.92,76451.93,76451.94,2026-09-17T07:01:37.649482780Z,2026-09-17T07:01:38Z
2026-09-17T07:00:00Z,ETH-USD,2441.2,2441.35,2441.43,2026-09-17T07:01:31.386238816Z,2026-09-17T07:01:38Z
2026-09-17T08:00:00Z,BTC-USD,76387.27,76387.27,76387.28,2026-09-17T08:02:13.591507003Z,2026-09-17T08:02:14Z
2026-09-17T08:00:00Z,ETH-USD,2442.05,2441.88,2441.99,2026-09-17T08:02:08.601025921Z,2026-09-17T08:02:14Z
2026-09-17T09:00:00Z,BTC-USD,76586.23,76586.23,76586.24,2026-09-17T09:01:48.640059818Z,2026-09-17T09:01:49Z
2026-09-17T09:00:00Z,ETH-USD,2444.78,2444.79,2444.8,2026-09-17T09:01:45.284030950Z,2026-09-17T09:01:49Z
2026-09-17T10:00:00Z,BTC-USD,76354.48,76354.2,76354.21,2026-09-17T10:01:35.933067773Z,2026-09-17T10:01:36Z
2026-09-17T10:00:00Z,ETH-USD,2435.58,2435.55,2435.56,2026-09-17T10:01:32.107422678Z,2026-09-17T10:01:36Z
2026-09-17T11:00:00Z,BTC-USD,76350.59,76350.58,76350.59,2026-09-17T11:01:41.973944335Z,2026-09-17T11:01:42Z
2026-09-17T11:00:00Z,ETH-USD,2435.62,2435.44,2435.45,2026-09-17T11:01:40.505903727Z,2026-09-17T11:01:42Z
2026-09-17T12:00:00Z,BTC-USD,76477.98,76477.98,76477.99,2026-09-17T12:01:48.944670708Z,2026-09-17T12:01:50Z
2026-09-17T12:00:00Z,ETH-USD,2442.02,2442.16,2442.27,2026-09-17T12:01:48.012623361Z,2026-09-17T12:01:50Z
2026-09-17T13:00:00Z,BTC-USD,76816.06,76816.06,76816.07,2026-09-17T13:01:45.776351808Z,2026-09-17T13:01:46Z
2026-09-17T13:00:00Z,ETH-USD,2462.56,2462.53,2462.62,2026-09-17T13:01:44.131553992Z,2026-09-17T13:01:46Z
2026-09-17T14:00:00Z,BTC-USD,76505.32,76506.29,76506.3,2026-09-17T14:01:48.252617325Z,2026-09-17T14:01:48Z
2026-09-17T14:00:00Z,ETH-USD,2455.92,2455.94,2456.1,2026-09-17T14:01:47.460482195Z,2026-09-17T14:01:48Z
2026-09-17T15:00:00Z,BTC-USD,76274.58,76274.58,76274.59,2026-09-17T15:01:44.678831437Z,2026-09-17T15:01:45Z
2026-09-17T15:00:00Z,ETH-USD,2452.68,2452.76,2452.79,2026-09-17T15:01:44.195516364Z,2026-09-17T15:01:45Z
2026-09-17T16:00:00Z,BTC-USD,76723.66,76723.66,76723.67,2026-09-17T16:01:41.757553803Z,2026-09-17T16:01:42Z
2026-09-17T16:00:00Z,ETH-USD,2468.99,2468.99,2469,2026-09-17T16:01:40.478595321Z,2026-09-17T16:01:42Z
2026-09-17T17:00:00Z,BTC-USD,76698.34,76698.34,76698.35,2026-09-17T17:01:39.254517042Z,2026-09-17T17:01:39Z
2026-09-17T17:00:00Z,ETH-USD,2468.33,2468.31,2468.32,2026-09-17T17:01:38.535898607Z,2026-09-17T17:01:39Z
2026-09-17T18:00:00Z,BTC-USD,76607.22,76607.22,76607.23,2026-09-17T18:01:35.361374285Z,2026-09-17T18:01:36Z
2026-09-17T18:00:00Z,ETH-USD,2459.81,2459.79,2459.8,2026-09-17T18:01:34.493244550Z,2026-09-17T18:01:36Z
2026-09-17T19:00:00Z,BTC-USD,76490.97,76490.97,76490.98,2026-09-17T19:01:41.274059767Z,2026-09-17T19:01:42Z
2026-09-17T19:00:00Z,ETH-USD,2449.62,2449.79,2449.8,2026-09-17T19:01:40.519962236Z,2026-09-17T19:01:42Z
2026-09-17T20:00:00Z,BTC-USD,76498.48,76498.48,76498.49,2026-09-17T20:01:40.475727779Z,2026-09-17T20:01:40Z
2026-09-17T20:00:00Z,ETH-USD,2446.55,2446.35,2446.54,2026-09-17T20:01:40.038199554Z,2026-09-17T20:01:40Z
2026-09-17T21:00:00Z,BTC-USD,76513.39,76513.39,76513.4,2026-09-17T21:01:41.260918633Z,2026-09-17T21:01:41Z
2026-09-17T21:00:00Z,ETH-USD,2452.5,2452.5,2452.6,2026-09-17T21:01:41.411946527Z,2026-09-17T21:01:41Z
2026-09-17T22:00:00Z,BTC-USD,76356.28,76356.28,76356.29,2026-09-17T22:01:37.487914451Z,2026-09-17T22:01:38Z
2026-09-17T22:00:00Z,ETH-USD,2446.58,2446.22,2446.23,2026-09-17T22:01:36.311103809Z,2026-09-17T22:01:38Z
2026-09-17T23:00:00Z,BTC-USD,76354.19,76354.19,76354.2,2026-09-17T23:01:39.837345759Z,2026-09-17T23:01:40Z
2026-09-17T23:00:00Z,ETH-USD,2443.35,2443.2,2443.33,2026-09-17T23:01:34.931425558Z,2026-09-17T23:01:40Z
2026-09-18T00:00:00Z,BTC-USD,76335.2,76335.2,76335.21,2026-09-18T00:02:17.146981160Z,2026-09-18T00:02:18Z
2026-09-18T00:00:00Z,ETH-USD,2444.41,2444.4,2444.62,2026-09-18T00:02:10.474584816Z,2026-09-18T00:02:18Z
2026-09-18T01:00:00Z,BTC-USD,76541.41,76541.4,76541.41,2026-09-18T01:01:41.902890592Z,2026-09-18T01:01:42Z
2026-09-18T01:00:00Z,ETH-USD,2446.22,2446.16,2446.31,2026-09-18T01:01:41.576441940Z,2026-09-18T01:01:42Z
2026-09-18T02:00:00Z,BTC-USD,76701.77,76701.77,76701.78,2026-09-18T02:01:41.098880374Z,2026-09-18T02:01:42Z
2026-09-18T02:00:00Z,ETH-USD,2457.01,2456.91,2457.03,2026-09-18T02:01:41.239146190Z,2026-09-18T02:01:42Z
2026-09-18T03:00:00Z,BTC-USD,76918.73,76918.73,76918.74,2026-09-18T03:01:41.114738356Z,2026-09-18T03:01:42Z
2026-09-18T03:00:00Z,ETH-USD,2459.76,2460.01,2460.31,2026-09-18T03:01:37.782670552Z,2026-09-18T03:01:42Z
2026-09-18T04:00:00Z,BTC-USD,77308.38,77308.38,77308.39,2026-09-18T04:01:36.381813807Z,2026-09-18T04:01:37Z
2026-09-18T04:00:00Z,ETH-USD,2479.05,2479.04,2479.12,2026-09-18T04:01:35.461515141Z,2026-09-18T04:01:37Z
2026-09-18T05:00:00Z,BTC-USD,77535.9,77535.9,77535.91,2026-09-18T05:01:36.507229695Z,2026-09-18T05:01:38Z
2026-09-18T05:00:00Z,ETH-USD,2478.48,2478.01,2478.16,2026-09-18T05:01:36.440957375Z,2026-09-18T05:01:38Z
2026-09-18T06:00:00Z,BTC-USD,77465.7,77465.7,77465.71,2026-09-18T06:01:42.591044077Z,2026-09-18T06:01:42Z
2026-09-18T06:00:00Z,ETH-USD,2483.09,2483.13,2483.21,2026-09-18T06:01:41.951144578Z,2026-09-18T06:01:42Z
2026-09-18T07:00:00Z,BTC-USD,77563.69,77563.69,77563.7,2026-09-18T07:01:36.367294565Z,2026-09-18T07:01:37Z
2026-09-18T07:00:00Z,ETH-USD,2486.4,2486.28,2486.44,2026-09-18T07:01:36.953604852Z,2026-09-18T07:01:37Z
2026-09-18T08:00:00Z,BTC-USD,77799.14,77799.14,77799.15,2026-09-18T08:01:41.215046202Z,2026-09-18T08:01:42Z
2026-09-18T08:00:00Z,ETH-USD,2490.56,2490.47,2490.71,2026-09-18T08:01:39.929316719Z,2026-09-18T08:01:42Z
2026-09-18T09:00:00Z,BTC-USD,78235.24,78235.24,78235.25,2026-09-18T09:01:42.879837741Z,2026-09-18T09:01:43Z
2026-09-18T09:00:00Z,ETH-USD,2503.2,2503.3,2503.4,2026-09-18T09:01:41.726478330Z,2026-09-18T09:01:43Z
2026-09-18T10:00:00Z,BTC-USD,78103.51,78102.87,78104.94,2026-09-18T10:01:40.247410467Z,2026-09-18T10:01:41Z
2026-09-18T10:00:00Z,ETH-USD,2506,2506.06,2506.11,2026-09-18T10:01:39.257174819Z,2026-09-18T10:01:41Z
2026-09-18T11:00:00Z,BTC-USD,78246.53,78246.52,78246.53,2026-09-18T11:01:37.646395586Z,2026-09-18T11:01:38Z
2026-09-18T11:00:00Z,ETH-USD,2513.15,2513.12,2513.24,2026-09-18T11:01:35.364342002Z,2026-09-18T11:01:38Z
2026-09-18T12:00:00Z,BTC-USD,77945.78,77945.78,77945.79,2026-09-18T12:01:40.455847371Z,2026-09-18T12:01:41Z
2026-09-18T12:00:00Z,ETH-USD,2503.47,2503.38,2503.57,2026-09-18T12:01:37.830298817Z,2026-09-18T12:01:41Z
2026-09-18T13:00:00Z,BTC-USD,77990.44,77990.44,77990.45,2026-09-18T13:01:45.299336629Z,2026-09-18T13:01:45Z
2026-09-18T13:00:00Z,ETH-USD,2499.61,2499.48,2499.49,2026-09-18T13:01:43.829823750Z,2026-09-18T13:01:45Z
2026-09-18T14:00:00Z,BTC-USD,80208.13,80208.12,80208.13,2026-09-18T14:01:47.997341571Z,2026-09-18T14:01:48Z
2026-09-18T14:00:00Z,ETH-USD,2558.7,2558.6,2558.61,2026-09-18T14:01:46.922137789Z,2026-09-18T14:01:48Z
2026-09-18T15:00:00Z,BTC-USD,80937.65,80937.65,80937.66,2026-09-18T15:01:39.900253286Z,2026-09-18T15:01:40Z
2026-09-18T15:00:00Z,ETH-USD,2583,2583.29,2583.3,2026-09-18T15:01:39.607554774Z,2026-09-18T15:01:40Z
2026-09-18T16:00:00Z,BTC-USD,80675.85,80675.85,80675.86,2026-09-18T16:01:37.951380756Z,2026-09-18T16:01:39Z
2026-09-18T16:00:00Z,ETH-USD,2578.7,2578.7,2578.71,2026-09-18T16:01:38.946216635Z,2026-09-18T16:01:39Z
2026-09-18T17:00:00Z,BTC-USD,80873.11,80873.11,80873.12,2026-09-18T17:01:37.629877905Z,2026-09-18T17:01:38Z
2026-09-18T17:00:00Z,ETH-USD,2594.78,2595.33,2595.4,2026-09-18T17:01:36.053771497Z,2026-09-18T17:01:38Z
2026-09-18T18:00:00Z,BTC-USD,80949.37,80949.36,80949.37,2026-09-18T18:01:40.148340071Z,2026-09-18T18:01:41Z
2026-09-18T18:00:00Z,ETH-USD,2605,2605,2605.01,2026-09-18T18:01:40.851333Z,2026-09-18T18:01:41Z
2026-09-18T19:00:00Z,BTC-USD,80901.24,80901.24,80901.25,2026-09-18T19:01:34.984792387Z,2026-09-18T19:01:36Z
2026-09-18T19:00:00Z,ETH-USD,2611.96,2612.01,2612.24,2026-09-18T19:01:35.210470206Z,2026-09-18T19:01:36Z
2026-09-18T20:00:00Z,BTC-USD,81084.36,81084.36,81084.37,2026-09-18T20:01:39.042730187Z,2026-09-18T20:01:39Z
2026-09-18T20:00:00Z,ETH-USD,2631.44,2631.57,2631.6,2026-09-18T20:01:37.703792199Z,2026-09-18T20:01:39Z
2026-09-18T21:00:00Z,BTC-USD,81094.3,81094.3,81094.31,2026-09-18T21:01:42.839664171Z,2026-09-18T21:01:44Z
2026-09-18T21:00:00Z,ETH-USD,2630.08,2630.53,2630.73,2026-09-18T21:01:43.048334376Z,2026-09-18T21:01:44Z
2026-09-18T22:00:00Z,BTC-USD,81200.79,81200.79,81200.8,2026-09-18T22:01:40.839455771Z,2026-09-18T22:01:41Z
2026-09-18T22:00:00Z,ETH-USD,2626.85,2626.84,2626.85,2026-09-18T22:01:40.182792049Z,2026-09-18T22:01:41Z
2026-09-18T23:00:00Z,BTC-USD,81188.56,81188.56,81188.57,2026-09-18T23:01:42.364689110Z,2026-09-18T23:01:43Z
2026-09-18T23:00:00Z,ETH-USD,2621.08,2621.05,2621.06,2026-09-18T23:01:42.029177926Z,2026-09-18T23:01:43Z
2026-09-19T00:00:00Z,BTC-USD,80907.15,80907.15,80907.16,2026-09-19T00:01:44.514318539Z,2026-09-19T00:01:44Z
2026-09-19T00:00:00Z,ETH-USD,2610.5,2610.33,2610.5,2026-09-19T00:01:43.663011990Z,2026-09-19T00:01:44Z
2026-09-19T01:00:00Z,BTC-USD,81679.22,81679.22,81679.23,2026-09-19T01:01:40.006741175Z,2026-09-19T01:01:41Z
2026-09-19T01:00:00Z,ETH-USD,2625.06,2624.85,2625.06,2026-09-19T01:01:39.778381931Z,2026-09-19T01:01:41Z
2026-09-19T02:00:00Z,BTC-USD,81259.49,81259.49,81259.5,2026-09-19T02:01:37.785402480Z,2026-09-19T02:01:38Z
2026-09-19T02:00:00Z,ETH-USD,2612.69,2612.68,2612.69,2026-09-19T02:01:37.409095927Z,2026-09-19T02:01:38Z
2026-09-19T03:00:00Z,BTC-USD,81300.99,81300.98,81300.99,2026-09-19T03:01:32.023139903Z,2026-09-19T03:01:32Z
2026-09-19T03:00:00Z,ETH-USD,2623.06,2623.05,2623.06,2026-09-19T03:01:30.645257369Z,2026-09-19T03:01:32Z
2026-09-19T04:00:00Z,BTC-USD,81091.5,81091.5,81091.51,2026-09-19T04:01:33.422303674Z,2026-09-19T04:01:33Z
2026-09-19T04:00:00Z,ETH-USD,2619.21,2619.15,2619.22,2026-09-19T04:01:33.136598057Z,2026-09-19T04:01:33Z
2026-09-19T05:00:00Z,BTC-USD,81005.76,81005.75,81005.76,2026-09-19T05:01:39.722566441Z,2026-09-19T05:01:40Z
2026-09-19T05:00:00Z,ETH-USD,2619.96,2619.83,2619.85,2026-09-19T05:01:33.365861666Z,2026-09-19T05:01:40Z
2026-09-19T06:00:00Z,BTC-USD,81012.49,81012.49,81012.5,2026-09-19T06:01:41.957617736Z,2026-09-19T06:01:42Z
2026-09-19T06:00:00Z,ETH-USD,2626.99,2626.77,2626.78,2026-09-19T06:01:41.881829604Z,2026-09-19T06:01:42Z
2026-09-19T07:00:00Z,BTC-USD,81034.9,81034.9,81034.91,2026-09-19T07:01:37.596832030Z,2026-09-19T07:01:37Z
2026-09-19T07:00:00Z,ETH-USD,2626.58,2626.57,2626.58,2026-09-19T07:01:37.437185747Z,2026-09-19T07:01:37Z
2026-09-19T08:00:00Z,BTC-USD,81052.59,81052.58,81052.59,2026-09-19T08:01:39.894619717Z,2026-09-19T08:01:40Z
2026-09-19T08:00:00Z,ETH-USD,2624.28,2624.27,2624.28,2026-09-19T08:01:39.156692368Z,2026-09-19T08:01:40Z
2026-09-19T09:00:00Z,BTC-USD,81286.36,81286.35,81286.36,2026-09-19T09:01:40.295961877Z,2026-09-19T09:01:41Z
2026-09-19T09:00:00Z,ETH-USD,2644.93,2645.59,2645.6,2026-09-19T09:01:37.610225108Z,2026-09-19T09:01:41Z
2026-09-19T10:00:00Z,BTC-USD,81306.1,81306.1,81306.11,2026-09-19T10:01:32.409029241Z,2026-09-19T10:01:33Z
2026-09-19T10:00:00Z,ETH-USD,2640.58,2640.57,2640.58,2026-09-19T10:01:31.993233755Z,2026-09-19T10:01:33Z
2026-09-19T11:00:00Z,BTC-USD,81202.52,81202.52,81202.53,2026-09-19T11:01:38.246189813Z,2026-09-19T11:01:39Z
2026-09-19T11:00:00Z,ETH-USD,2638.01,2638,2638.01,2026-09-19T11:01:38.360245158Z,2026-09-19T11:01:39Z
2026-09-19T12:00:00Z,BTC-USD,81271,81271,81271.01,2026-09-19T12:01:39.174164034Z,2026-09-19T12:01:39Z
2026-09-19T12:00:00Z,ETH-USD,2638.19,2638.12,2638.23,2026-09-19T12:01:38.402332482Z,2026-09-19T12:01:39Z
2026-09-19T13:00:00Z,BTC-USD,81267.89,81267.88,81267.89,2026-09-19T13:01:43.347572706Z,2026-09-19T13:01:43Z
2026-09-19T13:00:00Z,ETH-USD,2639.58,2639.57,2639.58,2026-09-19T13:01:43.174256086Z,2026-09-19T13:01:43Z
2026-09-19T14:00:00Z,BTC-USD,81312,81311.98,81311.99,2026-09-19T14:01:38.310816042Z,2026-09-19T14:01:38Z
2026-09-19T14:00:00Z,ETH-USD,2637.96,2638.02,2638.11,2026-09-19T14:01:36.700852772Z,2026-09-19T14:01:38Z
2026-09-19T15:00:00Z,BTC-USD,81586.11,81586.11,81586.12,2026-09-19T15:01:37.280204723Z,2026-09-19T15:01:37Z
2026-09-19T15:00:00Z,ETH-USD,2639.84,2640.08,2640.09,2026-09-19T15:01:34.397333789Z,2026-09-19T15:01:37Z
2026-09-19T16:00:00Z,BTC-USD,81600.72,81600.71,81600.72,2026-09-19T16:01:33.903661640Z,2026-09-19T16:01:34Z
2026-09-19T16:00:00Z,ETH-USD,2639.46,2639.44,2639.46,2026-09-19T16:01:31.727131277Z,2026-09-19T16:01:34Z
2026-09-19T17:00:00Z,BTC-USD,81775.52,81775.52,81775.53,2026-09-19T17:01:37.287153884Z,2026-09-19T17:01:38Z
2026-09-19T17:00:00Z,ETH-USD,2648.26,2648.3,2648.31,2026-09-19T17:01:37.449304175Z,2026-09-19T17:01:38Z
2026-09-19T18:00:00Z,BTC-USD,81476.14,81476.14,81476.15,2026-09-19T18:01:35.621805447Z,2026-09-19T18:01:36Z
2026-09-19T18:00:00Z,ETH-USD,2647.29,2646.83,2646.84,2026-09-19T18:01:35.176692873Z,2026-09-19T18:01:36Z
2026-09-19T19:00:00Z,BTC-USD,81411.07,81411.07,81411.08,2026-09-19T19:01:35.768835104Z,2026-09-19T19:01:36Z
2026-09-19T19:00:00Z,ETH-USD,2638.68,2638.55,2638.56,2026-09-19T19:01:35.828517929Z,2026-09-19T19:01:36Z
2026-09-19T20:00:00Z,BTC-USD,81354,81354,81354.01,2026-09-19T20:01:38.023314829Z,2026-09-19T20:01:38Z
2026-09-19T20:00:00Z,ETH-USD,2634.38,2634.37,2634.38,2026-09-19T20:01:36.164636045Z,2026-09-19T20:01:38Z
2026-09-19T21:00:00Z,BTC-USD,81148.8,81148.8,81148.81,2026-09-19T21:01:36.780949644Z,2026-09-19T21:01:37Z
2026-09-19T21:00:00Z,ETH-USD,2635.41,2635.41,2635.42,2026-09-19T21:01:36.004203969Z,2026-09-19T21:01:37Z
2026-09-19T22:00:00Z,BTC-USD,81020,81020,81020.01,2026-09-19T22:01:45.303078012Z,2026-09-19T22:01:47Z
2026-09-19T22:00:00Z,ETH-USD,2624.92,2624.91,2624.92,2026-09-19T22:01:45.586916196Z,2026-09-19T22:01:47Z
2026-09-19T23:00:00Z,BTC-USD,81217.37,81217.37,81217.38,2026-09-19T23:01:32.526117909Z,2026-09-19T23:01:33Z
2026-09-19T23:00:00Z,ETH-USD,2630.24,2630.34,2630.35,2026-09-19T23:01:29.803267430Z,2026-09-19T23:01:33Z
2026-09-20T00:00:00Z,BTC-USD,81215.09,81215.09,81215.1,2026-09-20T00:01:43.452504003Z,2026-09-20T00:01:44Z
2026-09-20T00:00:00Z,ETH-USD,2628.34,2628.67,2628.68,2026-09-20T00:01:42.926237440Z,2026-09-20T00:01:44Z
2026-09-20T01:00:00Z,BTC-USD,81269.92,81269.92,81269.93,2026-09-20T01:01:33.458025144Z,2026-09-20T01:01:34Z
2026-09-20T01:00:00Z,ETH-USD,2625.62,2625.59,2625.76,2026-09-20T01:01:27.850914174Z,2026-09-20T01:01:34Z
2026-09-20T02:00:00Z,BTC-USD,81082.18,81082.17,81082.18,2026-09-20T02:01:37.826241939Z,2026-09-20T02:01:40Z
2026-09-20T02:00:00Z,ETH-USD,2620,2619.94,2620.08,2026-09-20T02:01:32.488319682Z,2026-09-20T02:01:40Z
2026-09-20T03:00:00Z,BTC-USD,80350.24,80346,80346.64,2026-09-20T03:01:31.742029257Z,2026-09-20T03:01:32Z
2026-09-20T03:00:00Z,ETH-USD,2571,2570.9,2570.91,2026-09-20T03:01:32.446948886Z,2026-09-20T03:01:32Z
2026-09-20T04:00:00Z,BTC-USD,80454.58,80454.58,80454.59,2026-09-20T04:01:33.451409330Z,2026-09-20T04:01:33Z
2026-09-20T04:00:00Z,ETH-USD,2586.23,2585.6,2585.72,2026-09-20T04:01:30.161099929Z,2026-09-20T04:01:33Z
2026-09-20T05:00:00Z,BTC-USD,80409,80409,80409.01,2026-09-20T05:01:35.967551483Z,2026-09-20T05:01:36Z
2026-09-20T05:00:00Z,ETH-USD,2577.7,2577.6,2577.87,2026-09-20T05:01:35.066020906Z,2026-09-20T05:01:36Z
2026-09-20T06:00:00Z,BTC-USD,80476.98,80476.98,80476.99,2026-09-20T06:01:39.129334999Z,2026-09-20T06:01:39Z
2026-09-20T06:00:00Z,ETH-USD,2578.07,2578.14,2578.15,2026-09-20T06:01:39.795119325Z,2026-09-20T06:01:39Z
2026-09-20T07:00:00Z,BTC-USD,80306.43,80306.42,80306.43,2026-09-20T07:01:37.467517925Z,2026-09-20T07:01:38Z
2026-09-20T07:00:00Z,ETH-USD,2574.79,2574.79,2574.8,2026-09-20T07:01:35.398260377Z,2026-09-20T07:01:38Z
2026-09-20T08:00:00Z,BTC-USD,80411.69,80413.11,80413.12,2026-09-20T08:01:47.270923153Z,2026-09-20T08:01:47Z
2026-09-20T08:00:00Z,ETH-USD,2579.3,2579.59,2579.6,2026-09-20T08:01:46.478405346Z,2026-09-20T08:01:47Z
2026-09-20T09:00:00Z,BTC-USD,80221.01,80221,80221.01,2026-09-20T09:01:36.555955953Z,2026-09-20T09:01:38Z
2026-09-20T09:00:00Z,ETH-USD,2573.96,2573.96,2573.98,2026-09-20T09:01:33.873607164Z,2026-09-20T09:01:38Z
2026-09-20T10:00:00Z,BTC-USD,80483.28,80483.28,80483.29,2026-09-20T10:01:38.234448107Z,2026-09-20T10:01:38Z
2026-09-20T10:00:00Z,ETH-USD,2579.85,2579.52,2579.53,2026-09-20T10:01:35.290726939Z,2026-09-20T10:01:38Z
2026-09-20T11:00:00Z,BTC-USD,80275.76,80275.75,80275.76,2026-09-20T11:01:36.566813847Z,2026-09-20T11:01:37Z
2026-09-20T11:00:00Z,ETH-USD,2569.91,2569.95,2570.26,2026-09-20T11:01:35.241471603Z,2026-09-20T11:01:37Z
2026-09-20T12:00:00Z,BTC-USD,80417.79,80416.96,80416.97,2026-09-20T12:01:33.699842665Z,2026-09-20T12:01:34Z
2026-09-20T12:00:00Z,ETH-USD,2575.78,2575.87,2575.88,2026-09-20T12:01:31.249497294Z,2026-09-20T12:01:34Z
2026-09-20T13:00:00Z,BTC-USD,80481.97,80481.97,80481.98,2026-09-20T13:01:31.585560244Z,2026-09-20T13:01:32Z
2026-09-20T13:00:00Z,ETH-USD,2580.7,2580.7,2580.71,2026-09-20T13:01:31.582975529Z,2026-09-20T13:01:32Z
2026-09-20T14:00:00Z,BTC-USD,80569.86,80569.86,80569.87,2026-09-20T14:01:38.505969532Z,2026-09-20T14:01:39Z
2026-09-20T14:00:00Z,ETH-USD,2581.48,2581.88,2581.89,2026-09-20T14:01:37.922304192Z,2026-09-20T14:01:39Z
2026-09-20T15:00:00Z,BTC-USD,80748.92,80748.92,80748.93,2026-09-20T15:01:37.727117413Z,2026-09-20T15:01:38Z
2026-09-20T15:00:00Z,ETH-USD,2593.31,2593.46,2593.48,2026-09-20T15:01:37.730431626Z,2026-09-20T15:01:38Z
2026-09-20T16:00:00Z,BTC-USD,80833.87,80833.87,80833.88,2026-09-20T16:01:36.988918205Z,2026-09-20T16:01:38Z
2026-09-20T16:00:00Z,ETH-USD,2608.4,2608.41,2608.58,2026-09-20T16:01:35.262146519Z,2026-09-20T16:01:38Z
2026-09-20T17:00:00Z,BTC-USD,81259.5,81259.49,81259.5,2026-09-20T17:01:37.501442211Z,2026-09-20T17:01:37Z
2026-09-20T17:00:00Z,ETH-USD,2635.95,2635.95,2635.96,2026-09-20T17:01:35.852375909Z,2026-09-20T17:01:37Z
2026-09-20T18:00:00Z,BTC-USD,81123.88,81123.88,81123.89,2026-09-20T18:01:39.829249160Z,2026-09-20T18:01:39Z
2026-09-20T18:00:00Z,ETH-USD,2627.99,2627.68,2627.76,2026-09-20T18:01:38.251042565Z,2026-09-20T18:01:39Z
2026-09-20T19:00:00Z,BTC-USD,81057,81057,81057.01,2026-09-20T19:01:39.021785263Z,2026-09-20T19:01:39Z
2026-09-20T19:00:00Z,ETH-USD,2626.78,2626.78,2626.99,2026-09-20T19:01:39.874140974Z,2026-09-20T19:01:39Z
2026-09-20T20:00:00Z,BTC-USD,81199.98,81199.98,81199.99,2026-09-20T20:01:32.913111603Z,2026-09-20T20:01:35Z
2026-09-20T20:00:00Z,ETH-USD,2634.4,2634.48,2634.65,2026-09-20T20:01:34.422799710Z,2026-09-20T20:01:35Z
2026-09-20T21:00:00Z,BTC-USD,81050.99,81050.99,81051,2026-09-20T21:01:33.218422773Z,2026-09-20T21:01:34Z
2026-09-20T21:00:00Z,ETH-USD,2632.89,2632.87,2632.92,2026-09-20T21:01:33.906703837Z,2026-09-20T21:01:34Z
2026-09-20T22:00:00Z,BTC-USD,80860.5,80850,80850.01,2026-09-20T22:01:41.290078519Z,2026-09-20T22:01:42Z
2026-09-20T22:00:00Z,ETH-USD,2625.54,2625.22,2625.51,2026-09-20T22:01:41.711319941Z,2026-09-20T22:01:42Z
2026-09-20T23:00:00Z,BTC-USD,81168.81,81168.81,81168.82,2026-09-20T23:01:36.301350443Z,2026-09-20T23:01:37Z
2026-09-20T23:00:00Z,ETH-USD,2635.48,2635.57,2635.65,2026-09-20T23:01:35.933213205Z,2026-09-20T23:01:37Z
2026-09-21T00:00:00Z,BTC-USD,81318.19,81318.18,81318.19,2026-09-21T00:01:40.887308625Z,2026-09-21T00:01:41Z
2026-09-21T00:00:00Z,ETH-USD,2651.2,2650.89,2651.05,2026-09-21T00:01:41.176451931Z,2026-09-21T00:01:41Z
2026-09-21T01:00:00Z,BTC-USD,81563.75,81563.75,81563.76,2026-09-21T01:01:34.141486380Z,2026-09-21T01:01:35Z
2026-09-21T01:00:00Z,ETH-USD,2684.04,2683.78,2683.92,2026-09-21T01:01:34.239843737Z,2026-09-21T01:01:35Z
2026-09-21T02:00:00Z,BTC-USD,81058.51,81058.51,81058.52,2026-09-21T02:01:42.234525796Z,2026-09-21T02:01:43Z
2026-09-21T02:00:00Z,ETH-USD,2650.11,2650.1,2650.11,2026-09-21T02:01:42.547585067Z,2026-09-21T02:01:43Z
2026-09-21T03:00:00Z,BTC-USD,81302.87,81302.87,81302.88,2026-09-21T03:01:37.085243398Z,2026-09-21T03:01:37Z
2026-09-21T03:00:00Z,ETH-USD,2660.62,2660.12,2660.13,2026-09-21T03:01:36.400790013Z,2026-09-21T03:01:37Z
2026-09-21T04:00:00Z,BTC-USD,81437.07,81437.07,81437.08,2026-09-21T04:01:39.185787529Z,2026-09-21T04:01:40Z
2026-09-21T04:00:00Z,ETH-USD,2666.44,2666.47,2666.48,2026-09-21T04:01:36.613482403Z,2026-09-21T04:01:40Z
2026-09-21T05:00:00Z,BTC-USD,81374.39,81374.39,81374.4,2026-09-21T05:01:39.905635552Z,2026-09-21T05:01:39Z
2026-09-21T05:00:00Z,ETH-USD,2663.51,2663.62,2663.67,2026-09-21T05:01:38.693386467Z,2026-09-21T05:01:39Z
2026-09-21T06:00:00Z,BTC-USD,81606,81606,81606.01,2026-09-21T06:02:15.572805906Z,2026-09-21T06:02:16Z
2026-09-21T06:00:00Z,ETH-USD,2667.65,2667.99,2668,2026-09-21T06:02:12.127046525Z,2026-09-21T06:02:16Z
2026-09-21T07:00:00Z,BTC-USD,81599.38,81599.38,81599.39,2026-09-21T07:01:42.751655498Z,2026-09-21T07:01:43Z
2026-09-21T07:00:00Z,ETH-USD,2660.83,2660.96,2661.04,2026-09-21T07:01:43.340059471Z,2026-09-21T07:01:43Z
2026-09-21T08:00:00Z,BTC-USD,81793.12,81793.12,81793.13,2026-09-21T08:01:41.718073252Z,2026-09-21T08:01:41Z
2026-09-21T08:00:00Z,ETH-USD,2664.63,2664.79,2664.8,2026-09-21T08:01:40.218975145Z,2026-09-21T08:01:41Z
2026-09-21T09:00:00Z,BTC-USD,83811.16,83811.16,83811.29,2026-09-21T09:01:38.483616088Z,2026-09-21T09:01:39Z
2026-09-21T09:00:00Z,ETH-USD,2696.83,2696.74,2697,2026-09-21T09:01:37.822821742Z,2026-09-21T09:01:39Z
2026-09-21T10:00:00Z,BTC-USD,84730.2,84731.84,84731.85,2026-09-21T10:01:39.958794243Z,2026-09-21T10:01:40Z
2026-09-21T10:00:00Z,ETH-USD,2724.77,2724.48,2724.69,2026-09-21T10:01:39.050496537Z,2026-09-21T10:01:40Z
2026-09-21T11:00:00Z,BTC-USD,84461.85,84461.84,84461.85,2026-09-21T11:01:39.376991575Z,2026-09-21T11:01:40Z
2026-09-21T11:00:00Z,ETH-USD,2715.4,2715.25,2715.28,2026-09-21T11:01:38.661020739Z,2026-09-21T11:01:40Z
2026-09-21T12:00:00Z,BTC-USD,84922.25,84922.25,84922.26,2026-09-21T12:01:51.720793465Z,2026-09-21T12:01:52Z
2026-09-21T12:00:00Z,ETH-USD,2724.1,2723.95,2723.96,2026-09-21T12:01:50.475872800Z,2026-09-21T12:01:52Z
2026-09-21T13:00:00Z,BTC-USD,85244.91,85251.58,85252.61,2026-09-21T13:01:43.104648426Z,2026-09-21T13:01:44Z
2026-09-21T13:00:00Z,ETH-USD,2734.8,2734.72,2734.73,2026-09-21T13:01:42.933642679Z,2026-09-21T13:01:44Z
2026-09-21T14:00:00Z,BTC-USD,85470.66,85470.66,85470.67,2026-09-21T14:01:37.375706687Z,2026-09-21T14:01:38Z
2026-09-21T14:00:00Z,ETH-USD,2733,2732.89,2732.9,2026-09-21T14:01:37.306699604Z,2026-09-21T14:01:38Z
2026-09-21T15:00:00Z,BTC-USD,85956.62,85958.67,85962.19,2026-09-21T15:01:41.333267956Z,2026-09-21T15:01:42Z
2026-09-21T15:00:00Z,ETH-USD,2739.76,2739.8,2739.81,2026-09-21T15:01:42.394451865Z,2026-09-21T15:01:42Z
2026-09-21T16:00:00Z,BTC-USD,85963.38,85963.38,85963.39,2026-09-21T16:01:44.336237115Z,2026-09-21T16:01:45Z
2026-09-21T16:00:00Z,ETH-USD,2756.17,2755.74,2755.89,2026-09-21T16:01:44.879847753Z,2026-09-21T16:01:45Z
2026-09-21T17:00:00Z,BTC-USD,86003.79,85999.18,86002.78,2026-09-21T17:01:38.016105876Z,2026-09-21T17:01:39Z
2026-09-21T17:00:00Z,ETH-USD,2756.45,2756.55,2756.56,2026-09-21T17:01:37.025536264Z,2026-09-21T17:01:39Z
2026-09-21T18:00:00Z,BTC-USD,85888.02,85888.02,85888.03,2026-09-21T18:01:38.251217553Z,2026-09-21T18:01:38Z
2026-09-21T18:00:00Z,ETH-USD,2740.88,2740.88,2740.89,2026-09-21T18:01:36.739534521Z,2026-09-21T18:01:38Z
2026-09-21T19:00:00Z,BTC-USD,86075.48,86075.48,86075.49,2026-09-21T19:01:41.953253910Z,2026-09-21T19:01:42Z
2026-09-21T19:00:00Z,ETH-USD,2759.2,2759.19,2759.2,2026-09-21T19:01:41.574368529Z,2026-09-21T19:01:42Z
2026-09-21T20:00:00Z,BTC-USD,86661.91,86659.99,86661.9,2026-09-21T20:01:40.668142076Z,2026-09-21T20:01:41Z
2026-09-21T20:00:00Z,ETH-USD,2767.72,2767.75,2767.76,2026-09-21T20:01:40.777780035Z,2026-09-21T20:01:41Z
2026-09-21T21:00:00Z,BTC-USD,86801.43,86801.42,86801.43,2026-09-21T21:01:35.880961625Z,2026-09-21T21:01:36Z
2026-09-21T21:00:00Z,ETH-USD,2775.12,2775.54,2775.6,2026-09-21T21:01:35.487193269Z,2026-09-21T21:01:36Z
2026-09-21T22:00:00Z,BTC-USD,86561.39,86561.39,86561.4,2026-09-21T22:01:45.234442381Z,2026-09-21T22:01:46Z
2026-09-21T22:00:00Z,ETH-USD,2768.42,2768.74,2768.76,2026-09-21T22:01:43.774130882Z,2026-09-21T22:01:46Z
2026-09-21T23:00:00Z,BTC-USD,86445.54,86446.79,86446.8,2026-09-21T23:01:46.306531474Z,2026-09-21T23:01:46Z
2026-09-21T23:00:00Z,ETH-USD,2780.62,2780.96,2780.98,2026-09-21T23:01:46.135213893Z,2026-09-21T23:01:46Z
2026-09-22T00:00:00Z,BTC-USD,86534.48,86534.52,86534.53,2026-09-22T00:01:43.503386622Z,2026-09-22T00:01:44Z
2026-09-22T00:00:00Z,ETH-USD,2771.97,2772.11,2772.12,2026-09-22T00:01:44.042282374Z,2026-09-22T00:01:44Z
2026-09-22T01:00:00Z,BTC-USD,85900.51,85900.5,85900.51,2026-09-22T01:01:33.964290688Z,2026-09-22T01:01:34Z
2026-09-22T01:00:00Z,ETH-USD,2752.32,2752.39,2752.4,2026-09-22T01:01:33.930595450Z,2026-09-22T01:01:34Z
2026-09-22T02:00:00Z,BTC-USD,85519.98,85519.98,85519.99,2026-09-22T02:01:37.376440750Z,2026-09-22T02:01:38Z
2026-09-22T02:00:00Z,ETH-USD,2744.45,2744.4,2744.41,2026-09-22T02:01:36.402521299Z,2026-09-22T02:01:38Z
2026-09-22T03:00:00Z,BTC-USD,85650,85650,85650.01,2026-09-22T03:01:36.949391945Z,2026-09-22T03:01:38Z
2026-09-22T03:00:00Z,ETH-USD,2736.61,2736.6,2736.61,2026-09-22T03:01:37.944367934Z,2026-09-22T03:01:38Z
2026-09-22T04:00:00Z,BTC-USD,85641.91,85641.91,85641.92,2026-09-22T04:01:42.946826347Z,2026-09-22T04:01:43Z
2026-09-22T04:00:00Z,ETH-USD,2738.87,2738.86,2738.87,2026-09-22T04:01:42.387875801Z,2026-09-22T04:01:43Z
