funding_time,product_id,funding_rate,index_price,settlement_price,mid,price,open_interest,volume_24h,fetched_at
2026-10-01T00:00:00Z,ADP-20DEC30-CDE,-1e-05,0.246419,0.2425,0.2462,0.246,8748,34131,2026-10-01T00:01:44Z
2026-10-01T00:00:00Z,AIP-19DEC30-CDE,9e-06,3044.101887,3033.4,3044.95,3046,737,2268,2026-10-01T00:01:44Z
2026-10-01T00:00:00Z,AVE-20DEC30-CDE,-3e-06,159.387649,158.02,159.345,159.28,1240,6490,2026-10-01T00:01:44Z
2026-10-01T00:00:00Z,AVP-20DEC30-CDE,2.9e-05,10.928981,10.9,10.93,10.93,15673,19564,2026-10-01T00:01:44Z
2026-10-01T00:00:00Z,BCP-20DEC30-CDE,-1.8e-05,306.142094,304.6,305.8,305.85,2590,7409,2026-10-01T00:01:44Z
2026-10-01T00:00:00Z,BIP-20DEC30-CDE,7e-06,83548.535516,83585,83525,83525,155601,391970,2026-10-01T00:01:44Z
2026-10-01T00:00:00Z,BNB-20DEC30-CDE,-6e-06,768.60955,765,768.425,768.9,882,626,2026-10-01T00:01:44Z
2026-10-01T00:00:00Z,CHN-19DEC30-CDE,1.3e-05,2758.575793,2757.3,2777.85,2768.8,561,525,2026-10-01T00:01:44Z
2026-10-01T00:00:00Z,DEF-19DEC30-CDE,3.1e-05,2661.499802,2660.2,2666.55,2664.2,464,674,2026-10-01T00:01:44Z
2026-10-01T00:00:00Z,DOP-20DEC30-CDE,-3e-06,0.094474,0.09397,0.09441,0.09465,3402,10835,2026-10-01T00:01:44Z
2026-10-01T00:00:00Z,ENA-20DEC30-CDE,-3.4e-05,0.265174,0.26279,0.26402,0.26361,1246,5722,2026-10-01T00:01:44Z
2026-10-01T00:00:00Z,ETP-20DEC30-CDE,4e-06,2683.704645,2667,2683.25,2683,217024,294493,2026-10-01T00:01:44Z
2026-10-01T00:00:00Z,HEP-20DEC30-CDE,1.8e-05,0.104622,0.10862,0.10461,0.10457,3382,21585,2026-10-01T00:01:44Z
2026-10-01T00:00:00Z,HYP-20DEC30-CDE,7e-06,90.945854,88.71,90.975,90.92,9299,15244,2026-10-01T00:01:44Z
2026-10-01T00:00:00Z,LCP-20DEC30-CDE,2.6e-05,67.166497,66.27,67.21,67.21,5520,16779,2026-10-01T00:01:44Z
2026-10-01T00:00:00Z,LNP-20DEC30-CDE,2.2e-05,14.333159,14.232,14.3455,14.343,5469,13544,2026-10-01T00:01:44Z
2026-10-01T00:00:00Z,NER-20DEC30-CDE,7e-06,5.338663,5.3106,5.3392,5.3303,3569,30589,2026-10-01T00:01:44Z
2026-10-01T00:00:00Z,OND-20DEC30-CDE,-2.3e-05,0.499852,0.4892,0.49985,0.4997,5752,24845,2026-10-01T00:01:44Z
2026-10-01T00:00:00Z,PAU-20DEC30-CDE,-1.3e-05,4162.434781,4162.8,4160.2,4162.2,1546,3373,2026-10-01T00:01:44Z
2026-10-01T00:00:00Z,PEP-20DEC30-CDE,-1.5e-05,0.00427,0.004261,0.004269,0.004266,1083,15836,2026-10-01T00:01:44Z
2026-10-01T00:00:00Z,POP-20DEC30-CDE,-4e-06,1.222525,1.22,1.2215,1.223,6052,9036,2026-10-01T00:01:44Z
2026-10-01T00:00:00Z,SHP-20DEC30-CDE,1.3e-05,0.00574,0.00572,0.005735,0.00574,4969,3679,2026-10-01T00:01:44Z
2026-10-01T00:00:00Z,SLP-20DEC30-CDE,-7e-06,118.014301,117.07,117.965,117.95,33931,94223,2026-10-01T00:01:44Z
2026-10-01T00:00:00Z,SUP-20DEC30-CDE,1.5e-05,1.160209,1.1473,1.15965,1.1593,6000,38253,2026-10-01T00:01:44Z
2026-10-01T00:00:00Z,TEK-19DEC30-CDE,7e-06,4078.681679,4066.4,4079,4079.9,926,14182,2026-10-01T00:01:44Z
2026-10-01T00:00:00Z,US5-19DEC30-CDE,4.2e-05,3095.949191,3093.3,3100.55,3101,1571,12528,2026-10-01T00:01:44Z
2026-10-01T00:00:00Z,XLP-20DEC30-CDE,-8e-06,0.226173,0.22555,0.22612,0.22609,4204,5724,2026-10-01T00:01:44Z
2026-10-01T00:00:00Z,XPP-20DEC30-CDE,1.1e-05,1.488765,1.4885,1.4889,1.4883,38936,89801,2026-10-01T00:01:44Z
2026-10-01T00:00:00Z,ZEC-20DEC30-CDE,1.7e-05,1436.616531,1418.4,1438.875,1439.65,8622,29844,2026-10-01T00:01:44Z
2026-10-01T01:00:00Z,ADP-20DEC30-CDE,-6e-06,0.246481,0.2425,0.2466,0.2466,8748,34163,2026-10-01T01:01:37Z
2026-10-01T01:00:00Z,AIP-19DEC30-CDE,1.4e-05,3044.343856,3033.4,3046.5,3045.5,737,2297,2026-10-01T01:01:37Z
2026-10-01T01:00:00Z,AVE-20DEC30-CDE,1e-06,159.470769,158.02,159.435,159.36,1240,6200,2026-10-01T01:01:37Z
2026-10-01T01:00:00Z,AVP-20DEC30-CDE,3.8e-05,10.843224,10.9,10.855,10.85,15673,19559,2026-10-01T01:01:37Z
2026-10-01T01:00:00Z,BCP-20DEC30-CDE,-2.6e-05,306.688992,304.6,306.55,306.75,2590,7428,2026-10-01T01:01:37Z
2026-10-01T01:00:00Z,BIP-20DEC30-CDE,5e-06,83463.943911,83585,83465,83470,155601,389989,2026-10-01T01:01:37Z
2026-10-01T01:00:00Z,BNB-20DEC30-CDE,-9e-06,769.925174,765,769.775,767.7,882,647,2026-10-01T01:01:37Z
2026-10-01T01:00:00Z,CHN-19DEC30-CDE,3.3e-05,2758.647427,2757.3,2762.25,2760.4,561,553,2026-10-01T01:01:37Z
2026-10-01T01:00:00Z,DEF-19DEC30-CDE,6.5e-05,2660.342285,2660.2,2666.75,2665.1,464,685,2026-10-01T01:01:37Z
2026-10-01T01:00:00Z,DOP-20DEC30-CDE,-3e-06,0.094545,0.09397,0.09453,0.09458,3402,10752,2026-10-01T01:01:37Z
2026-10-01T01:00:00Z,ENA-20DEC30-CDE,-3.7e-05,0.266429,0.26279,0.266415,0.26648,1246,6042,2026-10-01T01:01:37Z
2026-10-01T01:00:00Z,ETP-20DEC30-CDE,8e-06,2682.955604,2667,2683.75,2683,217024,288646,2026-10-01T01:01:37Z
2026-10-01T01:00:00Z,HEP-20DEC30-CDE,2.3e-05,0.103978,0.10862,0.104035,0.104,3382,20974,2026-10-01T01:01:37Z
2026-10-01T01:00:00Z,HYP-20DEC30-CDE,8e-06,89.78771,88.71,89.85,89.85,9299,15480,2026-10-01T01:01:37Z
2026-10-01T01:00:00Z,LCP-20DEC30-CDE,2.5e-05,67.275967,66.27,67.33,67.32,5520,16513,2026-10-01T01:01:37Z
2026-10-01T01:00:00Z,LNP-20DEC30-CDE,2.4e-05,14.375449,14.232,14.392,14.381,5469,13243,2026-10-01T01:01:37Z
2026-10-01T01:00:00Z,NER-20DEC30-CDE,1e-05,5.290413,5.3106,5.30055,5.2967,3569,31064,2026-10-01T01:01:37Z
2026-10-01T01:00:00Z,OND-20DEC30-CDE,-1.6e-05,0.504331,0.4892,0.50475,0.5047,5752,27111,2026-10-01T01:01:37Z
2026-10-01T01:00:00Z,PAU-20DEC30-CDE,-1.3e-05,4152.62908,4162.8,4153,4148,1546,3499,2026-10-01T01:01:37Z
2026-10-01T01:00:00Z,PEP-20DEC30-CDE,-1.2e-05,0.00428,0.004261,0.0042805,0.004282,1083,16000,2026-10-01T01:01:37Z
2026-10-01T01:00:00Z,POP-20DEC30-CDE,3e-06,1.228091,1.22,1.2295,1.228,6052,9000,2026-10-01T01:01:37Z
2026-10-01T01:00:00Z,SHP-20DEC30-CDE,1e-06,0.005743,0.00572,0.00575,0.00575,4969,3547,2026-10-01T01:01:37Z
2026-10-01T01:00:00Z,SLP-20DEC30-CDE,-4e-06,117.951897,117.07,117.965,117.97,33931,94010,2026-10-01T01:01:37Z
2026-10-01T01:00:00Z,SUP-20DEC30-CDE,1.4e-05,1.174425,1.1473,1.1748,1.1749,6000,37874,2026-10-01T01:01:37Z
2026-10-01T01:00:00Z,TEK-19DEC30-CDE,1.1e-05,4077.315965,4066.4,4080.25,4080.1,926,14393,2026-10-01T01:01:37Z
2026-10-01T01:00:00Z,US5-19DEC30-CDE,5.7e-05,3095.116676,3093.3,3100.25,3098.7,1571,12824,2026-10-01T01:01:37Z
2026-10-01T01:00:00Z,XLP-20DEC30-CDE,-1e-06,0.227435,0.22555,0.227595,0.22751,4204,6032,2026-10-01T01:01:37Z
2026-10-01T01:00:00Z,XPP-20DEC30-CDE,9e-06,1.490222,1.4885,1.4915,1.4912,38936,89204,2026-10-01T01:01:37Z
2026-10-01T01:00:00Z,ZEC-20DEC30-CDE,3e-05,1421.959101,1418.4,1423.85,1424.15,8622,28904,2026-10-01T01:01:37Z
