sample_time,futures_root,trading_date,spot_price,futures_price,sample_basis,funding_rate,clamped_funding_rate,fetched_at
2026-09-02 17:01:04,PBT,2026-09-03,77243.70088235,77249,6.86e-05,6.86e-05,6.860258622354646e-05,2026-09-04T19:24:13Z
2026-09-02 17:01:04,PET,2026-09-03,2388.06348387,2388.3500000000004,0.00011998,0.00011998,0.00011997843940741781,2026-09-04T19:24:13Z
2026-09-02 18:00:04,PBT,2026-09-03,77005.6072,77006,5.1e-06,-4.48e-05,-4.479714592981363e-05,2026-09-04T19:24:13Z
2026-09-02 18:00:04,PET,2026-09-03,2378.82821429,2378.9,3.018e-05,5.281e-05,5.2806616787353236e-05,2026-09-04T19:24:13Z
2026-09-02 19:00:04,PBT,2026-09-03,77320.574,77310.5,-0.00013029,-3.532e-05,-3.5323246526005976e-05,2026-09-04T19:24:13Z
2026-09-02 19:00:04,PET,2026-09-03,2391.01947368,2391.25,9.641e-05,0.00015395,0.00015394739162150097,2026-09-04T19:24:13Z
2026-09-02 20:00:04,PBT,2026-09-03,77045.68851852,77034.5,-0.00014522,-2.78e-05,-2.779891757094618e-05,2026-09-04T19:24:13Z
2026-09-02 20:00:04,PET,2026-09-03,2379.45526316,2378.75,-0.0002964,0.00014736,0.00014735556381347963,2026-09-04T19:24:13Z
2026-09-02 21:00:04,PBT,2026-09-03,77334.42,77321,-0.00017353,-1.986e-05,-1.986028959205472e-05,2026-09-04T19:24:13Z
2026-09-02 21:00:04,PET,2026-09-03,2386.19,2386.25,2.514e-05,0.00019587,0.00019587409944189188,2026-09-04T19:24:13Z
2026-09-02 22:00:04,PBT,2026-09-03,77797.70083333,77768,-0.00038177,-2.553e-05,-2.553451413555871e-05,2026-09-04T19:24:13Z
2026-09-02 22:00:04,PET,2026-09-03,2404.65541176,2405.25,0.00024727,0.00018764,0.00018764374263825773,2026-09-04T19:24:13Z
2026-09-02 23:00:04,PBT,2026-09-03,77675.01,77683.5,0.0001093,-4.025e-05,-4.025082248496215e-05,2026-09-04T19:24:13Z
2026-09-02 23:00:04,PET,2026-09-03,2402.34,2402.9,0.00023311,0.00016236,0.00016235653263276686,2026-09-04T19:24:13Z
2026-09-03 00:00:04,PBT,2026-09-03,77734.40666667,77756,0.00027778,-3.397e-05,-3.3969874240674136e-05,2026-09-04T19:24:13Z
2026-09-03 00:00:04,PET,2026-09-03,2406.50389091,2407.95,0.00060092,0.00016135,0.00016135382947765555,2026-09-04T19:24:13Z
2026-09-03 01:00:04,PBT,2026-09-03,77766.69823529,77804,0.00047966,-4.344e-05,-4.343810885107941e-05,2026-09-04T19:24:13Z
2026-09-03 01:00:04,PET,2026-09-03,2403.87642857,2405.45,0.0006546,0.0001358,0.00013579683408072299,2026-09-04T19:24:13Z
2026-09-03 02:00:04,PBT,2026-09-03,77806.44866667,77775.5,-0.00039776,-5.442e-05,-5.44157034569788e-05,2026-09-04T19:24:13Z
2026-09-03 02:00:04,PET,2026-09-03,2407.74333333,2407.1499999999996,-0.00024643,0.00010849,0.00010848919812011942,2026-09-04T19:24:13Z
2026-09-03 03:00:04,PBT,2026-09-03,77627.81,77646.5,0.00024076,-6.372e-05,-6.371918128081672e-05,2026-09-04T19:24:13Z
2026-09-03 03:00:04,PET,2026-09-03,2398.02375,2397.95,-3.075e-05,7.716e-05,7.71610544134383e-05,2026-09-04T19:24:13Z
2026-09-03 04:00:04,PBT,2026-09-03,77818.28090909,77809.5,-0.00011284,-6.504e-05,-6.504128127923144e-05,2026-09-04T19:24:13Z
2026-09-03 04:00:04,PET,2026-09-03,2402.78,2402.45,-0.00013734,4.817e-05,4.816897778627269e-05,2026-09-04T19:24:13Z
2026-09-03 05:00:04,PBT,2026-09-03,77590.48,77576,-0.00018662,-6.628e-05,-6.628242296166199e-05,2026-09-04T19:24:13Z
2026-09-03 05:00:04,PET,2026-09-03,2392.97857143,2391.95,-0.00042983,2.033e-05,2.0328648790961645e-05,2026-09-04T19:24:13Z
2026-09-03 06:00:04,PBT,2026-09-03,77719.767,77710.5,-0.00011924,-7.339e-05,-7.339334747882462e-05,2026-09-04T19:24:13Z
2026-09-03 06:00:04,PET,2026-09-03,2396.148,2395.95,-8.263e-05,-2.36e-06,-2.3582161665310123e-06,2026-09-04T19:24:13Z
2026-09-03 07:00:04,PBT,2026-09-03,77914.22805263,77907.5,-8.635e-05,-5.935e-05,-5.93489933673761e-05,2026-09-04T19:24:13Z
2026-09-03 07:00:04,PET,2026-09-03,2407.0083125,2406,-0.00041891,2.44e-05,2.4398014147302872e-05,2026-09-04T19:24:13Z
2026-09-03 08:00:04,PBT,2026-09-03,78627.46238095,78639,0.00014674,-4.174e-05,-4.1744673717848686e-05,2026-09-04T19:24:13Z
2026-09-03 08:00:04,PET,2026-09-03,2422.52277778,2424.1,0.00065107,6.313e-05,6.313040052259517e-05,2026-09-04T19:24:13Z
2026-09-03 09:00:04,PBT,2026-09-03,78824.33636364,78796,-0.00035949,-3.222e-05,-3.2222154606561336e-05,2026-09-04T19:24:13Z
2026-09-03 09:00:04,PET,2026-09-03,2429.56153571,2429.5,-2.533e-05,9.077e-05,9.077378572218818e-05,2026-09-04T19:24:13Z
2026-09-03 10:00:04,PBT,2026-09-03,80542.3814,80524.5,-0.00022201,-1.068e-05,-1.067974473056358e-05,2026-09-04T19:24:13Z
2026-09-03 10:00:04,PET,2026-09-03,2489.38222222,2488.2,-0.00047491,0.00011748,0.00011747549605475602,2026-09-04T19:24:13Z
2026-09-03 11:00:04,PBT,2026-09-03,81370.406,81354,-0.00020162,7.5e-07,7.509019267260625e-07,2026-09-04T19:24:13Z
2026-09-03 11:00:04,PET,2026-09-03,2516.64642857,2517.75,0.00043851,0.00013879,0.00013879492278872393,2026-09-04T19:24:13Z
2026-09-03 12:00:04,PBT,2026-09-03,80981.54973684,80976.5,-6.236e-05,-2.76e-06,-2.7642256417860642e-06,2026-09-04T19:24:13Z
2026-09-03 12:00:04,PET,2026-09-03,2494.54375,2494.8,0.00010272,0.00013771,0.00013770723464992602,2026-09-04T19:24:13Z
2026-09-03 13:00:04,PBT,2026-09-03,81076.44810811,81080.5,4.998e-05,-1.018e-05,-1.0183925594527363e-05,2026-09-04T19:24:13Z
2026-09-03 13:00:04,PET,2026-09-03,2500.78666667,2502,0.00048518,0.00015195,0.00015195159608771643,2026-09-04T19:24:13Z
2026-09-03 14:00:04,PBT,2026-09-03,81272.83785714,81262,-0.00013335,-1.109e-05,-1.1090490528322462e-05,2026-09-04T19:24:13Z
2026-09-03 14:00:04,PET,2026-09-03,2513.4562069,2514.4,0.0003755,0.00016228,0.00016227668902654734,2026-09-04T19:24:13Z
2026-09-03 15:00:04,PBT,2026-09-03,81757.1405,81796.5,0.00048142,-6.34e-06,-6.3430060110092004e-06,2026-09-04T19:24:13Z
2026-09-03 15:00:04,PET,2026-09-03,2518.21418605,2519.3500000000004,0.00045104,0.00016685,0.00016684930786903607,2026-09-04T19:24:13Z
2026-09-03 17:01:04,PBT,2026-09-04,81506.36027778,81511.5,6.306e-05,6.306e-05,6.305915516882917e-05,2026-09-04T21:24:06Z
2026-09-03 17:01:04,PET,2026-09-04,2509.5092,2510,0.00019558,0.00019558,0.00019557609113369086,2026-09-04T21:24:06Z
2026-09-03 18:00:04,PBT,2026-09-04,81144.425,81162,0.00021659,0.00016116,0.00016115666672335515,2026-09-04T21:24:06Z
2026-09-03 18:00:04,PET,2026-09-04,2497.106,2497.25,5.767e-05,0.00015546,0.00015546191346181635,2026-09-04T21:24:06Z
2026-09-03 19:00:04,PBT,2026-09-04,81271.39882353,81270.5,-1.106e-05,0.00012292,0.00012291810813159547,2026-09-04T21:24:06Z
2026-09-03 19:00:04,PET,2026-09-04,2508.08,2508.35,0.00010765,0.00017165,0.00017164811609349844,2026-09-04T21:24:06Z
2026-09-03 20:00:04,PBT,2026-09-04,80979.485,80997,0.00021629,0.00010977,0.00010977273901974817,2026-09-04T21:24:06Z
2026-09-03 20:00:04,PET,2026-09-04,2501.68125,2502.25,0.00022735,0.0001904,0.00019040160680483965,2026-09-04T21:24:06Z
2026-09-03 21:00:04,PBT,2026-09-04,80981.79428571,80979,-3.451e-05,7.529e-05,7.528840182270807e-05,2026-09-04T21:24:06Z
2026-09-03 21:00:04,PET,2026-09-04,2506.95,2506.25,-0.00027922,0.00014263,0.00014262525644244934,2026-09-04T21:24:06Z
2026-09-03 22:00:04,PBT,2026-09-04,80845.92888889,80842.5,-4.241e-05,5.128e-05,5.128264782634039e-05,2026-09-04T21:24:06Z
2026-09-03 22:00:04,PET,2026-09-04,2507.82277778,2507.6499999999996,-6.89e-05,0.00012726,0.00012726378048736996,2026-09-04T21:24:06Z
2026-09-03 23:00:04,PBT,2026-09-04,80852.08609756,80842,-0.00012475,3.501e-05,3.5005078451682434e-05,2026-09-04T21:24:06Z
2026-09-03 23:00:04,PET,2026-09-04,2505.08,2504.95,-5.189e-05,0.00011038,0.00011038109484438996,2026-09-04T21:24:06Z
2026-09-04 00:00:04,PBT,2026-09-04,81075.57,81053,-0.00027838,5.082e-05,5.0815714957912e-05,2026-09-04T21:24:06Z
2026-09-04 00:00:04,PET,2026-09-04,2509.52,2507.75,-0.00070531,8.939e-05,8.938929431234622e-05,2026-09-04T21:24:06Z
2026-09-04 01:00:04,PBT,2026-09-04,80990.93,80983.5,-9.174e-05,3.696e-05,3.696429826018928e-05,2026-09-04T21:24:06Z
2026-09-04 01:00:04,PET,2026-09-04,2508.957,2508.5,-0.00018215,7.653e-05,7.65287806562601e-05,2026-09-04T21:24:06Z
2026-09-04 02:00:04,PBT,2026-09-04,80782.22666667,80779.5,-3.375e-05,3.603e-05,3.603226185501296e-05,2026-09-04T21:24:06Z
2026-09-04 02:00:04,PET,2026-09-04,2507.63,2508,0.00014755,8.062e-05,8.062311511301017e-05,2026-09-04T21:24:06Z
2026-09-04 03:00:04,PBT,2026-09-04,80653.94766667,80668,0.00017423,3.293e-05,3.293322648008902e-05,2026-09-04T21:24:06Z
2026-09-04 03:00:04,PET,2026-09-04,2504.259,2504.25,-3.59e-06,7.47e-05,7.469666786457218e-05,2026-09-04T21:24:06Z
2026-09-04 04:00:04,PBT,2026-09-04,81151.01,81159,9.846e-05,2.7e-05,2.6996361422728365e-05,2026-09-04T21:24:06Z
2026-09-04 04:00:04,PET,2026-09-04,2526.58,2527.45,0.00034434,7.681e-05,7.681254250856293e-05,2026-09-04T21:24:06Z
2026-09-04 05:00:04,PBT,2026-09-04,81042.57,81047,5.466e-05,2.408e-05,2.408099005693377e-05,2026-09-04T21:24:06Z
2026-09-04 05:00:04,PET,2026-09-04,2520.64,2520.65,3.97e-06,6.535e-05,6.534864876041594e-05,2026-09-04T21:24:06Z
2026-09-04 06:00:04,PBT,2026-09-04,81187.14565217,81196,0.00010906,1.713e-05,1.71332780025129e-05,2026-09-04T21:24:06Z
2026-09-04 06:00:04,PET,2026-09-04,2526.52818182,2526.45,-3.094e-05,6.543e-05,6.542757912815974e-05,2026-09-04T21:24:06Z
2026-09-04 07:00:04,PBT,2026-09-04,81235.412,81215,-0.00025127,1.568e-05,1.5682860711621072e-05,2026-09-04T21:24:06Z
2026-09-04 07:00:04,PET,2026-09-04,2522.98,2523.45,0.00018629,5.77e-05,5.770197763947712e-05,2026-09-04T21:24:06Z
2026-09-04 08:00:04,PBT,2026-09-04,79456.82195122,79446,-0.0001362,-6.75e-06,-6.745535972364821e-06,2026-09-04T21:24:06Z
2026-09-04 08:00:04,PET,2026-09-04,2451.82738095,2451.1,-0.00029667,5.078e-05,5.07759088706902e-05,2026-09-04T21:24:06Z
2026-09-04 09:00:04,PBT,2026-09-04,79378.31133333,79356.5,-0.00027478,-1.298e-05,-1.2981251933329496e-05,2026-09-04T21:24:06Z
2026-09-04 09:00:04,PET,2026-09-04,2452.40952381,2452,-0.00016699,6.472e-05,6.47169552669318e-05,2026-09-04T21:24:06Z
2026-09-04 10:00:04,PBT,2026-09-04,78900.48,78883,-0.00022154,-2.724e-05,-2.7243004773340435e-05,2026-09-04T21:24:06Z
2026-09-04 10:00:04,PET,2026-09-04,2440.42133333,2440.6,7.321e-05,5.512e-05,5.5117667609678946e-05,2026-09-04T21:24:06Z
2026-09-04 11:00:04,PBT,2026-09-04,79426.28,79395,-0.00039382,-3.496e-05,-3.4961542207403385e-05,2026-09-04T21:24:06Z
2026-09-04 11:00:04,PET,2026-09-04,2451.9525,2452,1.937e-05,5.749e-05,5.749217993161603e-05,2026-09-04T21:24:06Z
2026-09-04 12:00:04,PBT,2026-09-04,79754.462,79745.5,-0.00011237,-4.234e-05,-4.234425758272646e-05,2026-09-04T21:24:06Z
2026-09-04 12:00:04,PET,2026-09-04,2460.714375,2461.25,0.00021767,6.048e-05,6.048298781166285e-05,2026-09-04T21:24:06Z
2026-09-04 13:00:04,PBT,2026-09-04,79478.7875,79475.5,-4.136e-05,-5.412e-05,-5.411565793933373e-05,2026-09-04T21:24:06Z
2026-09-04 13:00:04,PET,2026-09-04,2445.84434783,2446.8,0.00039072,5.82e-05,5.8195387957880124e-05,2026-09-04T21:24:06Z
2026-09-04 14:00:04,PBT,2026-09-04,79622.92857143,79637,0.00017673,-5.206e-05,-5.205977318784649e-05,2026-09-04T21:24:06Z
2026-09-04 14:00:04,PET,2026-09-04,2450.89272727,2452,0.00045178,7.137e-05,7.136666651263264e-05,2026-09-04T21:24:06Z
2026-09-04 15:00:04,PBT,2026-09-04,79814.4626,79765.5,-0.00061346,-5.11e-05,-5.110307226221103e-05,2026-09-04T21:24:06Z
2026-09-04 15:00:04,PET,2026-09-04,2456.30636364,2455.45,-0.00034864,7.397e-05,7.397081293498257e-05,2026-09-04T21:24:06Z
2026-09-07 17:02:04,PBT,2026-09-08,79094.19,79084,-0.00012883,-0.00012883,-0.0001288337360810235,2026-09-08T21:23:15Z
2026-09-07 17:02:04,PET,2026-09-08,2487.15391304,2485.5,-0.00066498,-0.00066498,-0.0006649821835829163,2026-09-08T21:23:15Z
2026-09-07 18:00:04,PBT,2026-09-08,78930.58176471,78910,-0.00026076,-8.794e-05,-8.794220285609762e-05,2026-09-08T21:23:15Z
2026-09-07 18:00:04,PET,2026-09-08,2482.70521739,2481.95,-0.00030419,-4.454e-05,-4.454172654593204e-05,2026-09-08T21:23:15Z
2026-09-07 19:00:04,PBT,2026-09-08,79090.41,79077.5,-0.00016323,-4.134e-05,-4.134170117973137e-05,2026-09-08T21:23:15Z
2026-09-07 19:00:04,PET,2026-09-08,2489.84857143,2489.65,-7.975e-05,4.591e-05,4.5911536528412215e-05,2026-09-08T21:23:15Z
2026-09-07 20:00:04,PBT,2026-09-08,79305.26384615,79282,-0.00029335,-4.562e-05,-4.5620756879166757e-05,2026-09-08T21:23:15Z
2026-09-07 20:00:04,PET,2026-09-08,2495.45733333,2494.65,-0.00032352,-1.541e-05,-1.5411711354268834e-05,2026-09-08T21:23:15Z
2026-09-07 21:00:04,PBT,2026-09-08,79410.65705882,79418.5,9.876e-05,-2.25e-05,-2.2501405800299295e-05,2026-09-08T21:23:15Z
2026-09-07 21:00:04,PET,2026-09-08,2503.69266667,2503.95,0.00010278,1.34e-05,1.3399178219081802e-05,2026-09-08T21:23:15Z
2026-09-07 22:00:04,PBT,2026-09-08,78922.17125,78928,7.385e-05,-4.876e-05,-4.876377983641982e-05,2026-09-08T21:23:15Z
2026-09-07 22:00:04,PET,2026-09-08,2484.29,2484.65,0.00014491,-1.74e-05,-1.7396570502226597e-05,2026-09-08T21:23:15Z
2026-09-07 23:00:04,PBT,2026-09-08,78877.712,78873.5,-5.34e-05,-5.41e-05,-5.4104486393672106e-05,2026-09-08T21:23:15Z
2026-09-07 23:00:04,PET,2026-09-08,2485.66545455,2485.55,-4.645e-05,-1.744e-05,-1.743609504979855e-05,2026-09-08T21:23:15Z
2026-09-08 00:00:04,PBT,2026-09-08,78658.15230769,78662.5,5.527e-05,-3.318e-05,-3.317574172203484e-05,2026-09-08T21:23:15Z
2026-09-08 00:00:04,PET,2026-09-08,2478.60105263,2478.2,-0.00016181,-2.419e-05,-2.4191506520695598e-05,2026-09-08T21:23:15Z
2026-09-08 01:00:04,PBT,2026-09-08,78559.31,78555.5,-4.85e-05,-4.47e-05,-4.470176946481937e-05,2026-09-08T21:23:15Z
2026-09-08 01:00:04,PET,2026-09-08,2473,2472.6499999999996,-0.00014153,-3.918e-05,-3.918349635964713e-05,2026-09-08T21:23:15Z
2026-09-08 02:00:04,PBT,2026-09-08,78299.55728571,78302,3.12e-05,-8.278e-05,-8.277872904431371e-05,2026-09-08T21:23:15Z
2026-09-08 02:00:04,PET,2026-09-08,2467.69166667,2467.8500000000004,6.416e-05,-6.213e-05,-6.213059204999389e-05,2026-09-08T21:23:15Z
2026-09-08 03:00:04,PBT,2026-09-08,78442.31333333,78427,-0.00019522,-8.928e-05,-8.927524013071009e-05,2026-09-08T21:23:15Z
2026-09-08 03:00:04,PET,2026-09-08,2479.1145,2478.7,-0.0001672,-5.212e-05,-5.211508630959368e-05,2026-09-08T21:23:15Z
2026-09-08 04:00:04,PBT,2026-09-08,78385.2745,78390,6.029e-05,-8.31e-05,-8.309589756346626e-05,2026-09-08T21:23:15Z
2026-09-08 04:00:04,PET,2026-09-08,2476.72826087,2476.95,8.953e-05,-4.989e-05,-4.989419554231983e-05,2026-09-08T21:23:15Z
2026-09-08 05:00:04,PBT,2026-09-08,78747.2309,78735,-0.00015532,-7.059e-05,-7.058609514854524e-05,2026-09-08T21:23:15Z
2026-09-08 05:00:04,PET,2026-09-08,2491.62857143,2491.25,-0.00015194,-3.712e-05,-3.712063303507711e-05,2026-09-08T21:23:15Z
2026-09-08 06:00:04,PBT,2026-09-08,78550.93,78540,-0.00013915,-7.48e-05,-7.480118364759559e-05,2026-09-08T21:23:15Z
2026-09-08 06:00:04,PET,2026-09-08,2480.60285714,2480.75,5.932e-05,-5.814e-05,-5.8136955806082685e-05,2026-09-08T21:23:15Z
2026-09-08 07:00:04,PBT,2026-09-08,78404.85230769,78405.5,8.26e-06,-7.613e-05,-7.61259715044561e-05,2026-09-08T21:23:15Z
2026-09-08 07:00:04,PET,2026-09-08,2473.86,2473.45,-0.00016573,-7.985e-05,-7.985353191771138e-05,2026-09-08T21:23:15Z
2026-09-08 08:00:04,PBT,2026-09-08,78420.14244444,78415.5,-5.92e-05,-7.37e-05,-7.369759647501852e-05,2026-09-08T21:23:15Z
2026-09-08 08:00:04,PET,2026-09-08,2471.93714286,2472.25,0.00012656,-8.144e-05,-8.144028403162227e-05,2026-09-08T21:23:15Z
2026-09-08 09:00:04,PBT,2026-09-08,77926.09214286,77980,0.00069178,-7.246e-05,-7.246042947412167e-05,2026-09-08T21:23:15Z
2026-09-08 09:00:04,PET,2026-09-08,2458.62857143,2459.9,0.00051713,-8.24e-05,-8.239577307955015e-05,2026-09-08T21:23:15Z
2026-09-08 10:00:04,PBT,2026-09-08,78540.92848485,78531,-0.00012641,-6.262e-05,-6.262348395248143e-05,2026-09-08T21:23:15Z
2026-09-08 10:00:04,PET,2026-09-08,2485.67066667,2485.6499999999996,-8.31e-06,-7.004e-05,-7.003572882364952e-05,2026-09-08T21:23:15Z
2026-09-08 11:00:04,PBT,2026-09-08,78888.62777778,78878.5,-0.00012838,-4.581e-05,-4.5812329357784116e-05,2026-09-08T21:23:15Z
2026-09-08 11:00:04,PET,2026-09-08,2498.61625,2498,-0.00024664,-4.285e-05,-4.2853236395702666e-05,2026-09-08T21:23:15Z
2026-09-08 12:00:04,PBT,2026-09-08,78721.86642857,78730.5,0.00010967,-3.597e-05,-3.596786895132644e-05,2026-09-08T21:23:15Z
2026-09-08 12:00:04,PET,2026-09-08,2496.38944444,2496.9,0.00020452,-3.217e-05,-3.2173700143729084e-05,2026-09-08T21:23:15Z
2026-09-08 13:00:04,PBT,2026-09-08,78493.932,78490.5,-4.372e-05,-3.188e-05,-3.188345142434013e-05,2026-09-08T21:23:15Z
2026-09-08 13:00:04,PET,2026-09-08,2487.835,2488.5,0.0002673,-2.26e-06,-2.2560682654118404e-06,2026-09-08T21:23:15Z
2026-09-08 14:00:04,PBT,2026-09-08,78421.91142857,78455,0.00042193,-2.923e-05,-2.9232541951462037e-05,2026-09-08T21:23:15Z
2026-09-08 14:00:04,PET,2026-09-08,2486.45529412,2487.9,0.00058103,8.15e-06,8.14700066511884e-06,2026-09-08T21:23:15Z
2026-09-08 15:00:04,PBT,2026-09-08,78435.03941176,78421,-0.00017899,-2.331e-05,-2.3311516329547976e-05,2026-09-08T21:23:15Z
2026-09-08 15:00:04,PET,2026-09-08,2482.10666667,2482.4,0.00011818,2.388e-05,2.388470948036873e-05,2026-09-08T21:23:15Z
2026-09-08 17:01:04,PBT,2026-09-09,78548.57638889,78544,-5.826e-05,-5.826e-05,-5.8261894745730127e-05,2026-09-09T21:06:09Z
2026-09-08 17:02:04,PET,2026-09-09,2485.87296296,2487,0.00045338,0.00045338,0.0004533767641359203,2026-09-09T21:06:09Z
2026-09-08 18:00:04,PBT,2026-09-09,78548.7084,78550.5,2.281e-05,4.735e-05,4.7350051806650453e-05,2026-09-09T21:06:09Z
2026-09-08 18:00:04,PET,2026-09-09,2488.58285714,2488.95,0.00014753,0.0001929,0.00019290409493014928,2026-09-09T21:06:09Z
2026-09-08 19:00:04,PBT,2026-09-09,78450.39869565,78451,7.66e-06,1.034e-05,1.0342632489493114e-05,2026-09-09T21:06:09Z
2026-09-08 19:00:04,PET,2026-09-09,2484.93230769,2485.45,0.00020833,0.00011829,0.00011829404199015644,2026-09-09T21:06:09Z
2026-09-08 20:00:04,PBT,2026-09-09,78766.72925926,78769,2.883e-05,2.714e-05,2.7135608628204018e-05,2026-09-09T21:06:09Z
2026-09-08 20:00:04,PET,2026-09-09,2496.11444444,2497.45,0.00053505,0.00017711,0.0001771062353841909,2026-09-09T21:06:09Z
2026-09-08 21:00:04,PBT,2026-09-09,78890.02888889,78903.5,0.00017076,5.502e-05,5.502386017363638e-05,2026-09-09T21:06:09Z
2026-09-08 21:00:04,PET,2026-09-09,2497.79681818,2498.75,0.00038161,0.00017926,0.00017925747279045424,2026-09-09T21:06:09Z
2026-09-08 22:00:04,PBT,2026-09-09,78728.14,78720,-0.00010339,4.344e-05,4.343968518601511e-05,2026-09-09T21:06:09Z
2026-09-08 22:00:04,PET,2026-09-09,2493.81424242,2494,7.449e-05,0.00017368,0.0001736825680745475,2026-09-09T21:06:09Z
2026-09-08 23:00:04,PBT,2026-09-09,78625.45181818,78636.5,0.00014052,2.699e-05,2.698766584454693e-05,2026-09-09T21:06:09Z
2026-09-08 23:00:04,PET,2026-09-09,2489.05,2488.95,-4.018e-05,0.00013137,0.00013137377194836063,2026-09-09T21:06:09Z
2026-09-09 00:00:04,PBT,2026-09-09,79156.57058824,79177,0.00025809,4.302e-05,4.3017437529540096e-05,2026-09-09T21:06:09Z
2026-09-09 00:00:04,PET,2026-09-09,2508.96,2510.2,0.00049423,0.00012048,0.00012047772513851178,2026-09-09T21:06:09Z
2026-09-09 01:00:04,PBT,2026-09-09,78929.2484,78942.5,0.00016789,4.635e-05,4.635007809091439e-05,2026-09-09T21:06:09Z
2026-09-09 01:00:04,PET,2026-09-09,2496.14076923,2496.3500000000004,8.382e-05,0.00012112,0.00012111671002884652,2026-09-09T21:06:09Z
2026-09-09 02:00:04,PBT,2026-09-09,79149.52333333,79150,6.02e-06,5.595e-05,5.5953412412395715e-05,2026-09-09T21:06:09Z
2026-09-09 02:00:04,PET,2026-09-09,2501.18,2500.95,-9.196e-05,0.00011737,0.00011737069731419473,2026-09-09T21:06:09Z
2026-09-09 03:00:04,PBT,2026-09-09,79263.49,79302.5,0.00049216,7.046e-05,7.045601848866594e-05,2026-09-09T21:06:09Z
2026-09-09 03:00:04,PET,2026-09-09,2510.17,2511.1499999999996,0.00039041,0.00011011,0.00011011331245133193,2026-09-09T21:06:09Z
2026-09-09 04:00:04,PBT,2026-09-09,79694.92846154,79720,0.00031459,8.65e-05,8.650395364819381e-05,2026-09-09T21:06:09Z
2026-09-09 04:00:04,PET,2026-09-09,2519.89,2519.95,2.381e-05,0.00011999,0.00011998720349626724,2026-09-09T21:06:09Z
2026-09-09 05:00:04,PBT,2026-09-09,78944.17,78954,0.00012452,7.374e-05,7.373838261324105e-05,2026-09-09T21:06:09Z
2026-09-09 05:00:04,PET,2026-09-09,2490.12,2489.95,-6.827e-05,0.00010044,0.00010043872308766634,2026-09-09T21:06:09Z
2026-09-09 06:00:04,PBT,2026-09-09,78906.62833333,78912.5,7.441e-05,6.952e-05,6.952092743309258e-05,2026-09-09T21:06:09Z
2026-09-09 06:00:04,PET,2026-09-09,2487.25,2486.95,-0.00012062,9.761e-05,9.760923289425741e-05,2026-09-09T21:06:09Z
2026-09-09 07:00:04,PBT,2026-09-09,79316.92407407,79333.5,0.00020898,6.479e-05,6.478615076910715e-05,2026-09-09T21:06:09Z
2026-09-09 07:00:04,PET,2026-09-09,2500.6,2502.25,0.00065984,0.00012201,0.00012201086618076289,2026-09-09T21:06:09Z
2026-09-09 08:00:04,PBT,2026-09-09,79577.59222222,79591.5,0.00017477,7.371e-05,7.371264950798766e-05,2026-09-09T21:06:09Z
2026-09-09 08:00:04,PET,2026-09-09,2511.13692308,2511.25,4.503e-05,0.00014082,0.00014081564786883036,2026-09-09T21:06:09Z
2026-09-09 09:00:04,PBT,2026-09-09,79125.07402439,79077.5,-0.00060125,6.127e-05,6.127283959340865e-05,2026-09-09T21:06:09Z
2026-09-09 09:00:04,PET,2026-09-09,2501.96,2502,1.599e-05,0.00013448,0.00013447719581477887,2026-09-09T21:06:09Z
2026-09-09 10:00:04,PBT,2026-09-09,78949.32972222,78966,0.00021115,6.077e-05,6.077418825276807e-05,2026-09-09T21:06:09Z
2026-09-09 10:00:04,PET,2026-09-09,2498.96882353,2500.4,0.00057271,0.00014251,0.00014250906664079043,2026-09-09T21:06:09Z
2026-09-09 11:00:04,PBT,2026-09-09,78585.39,78557,-0.00036126,4.509e-05,4.508608990405597e-05,2026-09-09T21:06:09Z
2026-09-09 11:00:04,PET,2026-09-09,2489.92307692,2490.1,7.106e-05,0.00014184,0.0001418385688483865,2026-09-09T21:06:09Z
2026-09-09 12:00:04,PBT,2026-09-09,78784.82384615,78789.5,5.935e-05,4.19e-05,4.190117980723421e-05,2026-09-09T21:06:09Z
2026-09-09 12:00:04,PET,2026-09-09,2495.89,2495.5,-0.00015626,0.00014753,0.0001475314289794452,2026-09-09T21:06:09Z
2026-09-09 13:00:04,PBT,2026-09-09,78762.07625,78763,1.173e-05,3.868e-05,3.868372544385735e-05,2026-09-09T21:06:09Z
2026-09-09 13:00:04,PET,2026-09-09,2493.50928571,2493.8500000000004,0.00013664,0.00014552,0.00014552240315799457,2026-09-09T21:06:09Z
2026-09-09 14:00:04,PBT,2026-09-09,78400.95571429,78395.5,-6.959e-05,2.664e-05,2.6635861375239197e-05,2026-09-09T21:06:09Z
2026-09-09 14:00:04,PET,2026-09-09,2480.85733333,2481.4,0.00021874,0.0001351,0.00013510432962383505,2026-09-09T21:06:09Z
2026-09-09 15:00:04,PBT,2026-09-09,78226.46354167,78222,-5.706e-05,1.798e-05,1.7980412027883953e-05,2026-09-09T21:06:09Z
2026-09-09 15:00:04,PET,2026-09-09,2464.7972549,2464.1,-0.00028289,0.00013852,0.00013852047582016774,2026-09-09T21:06:09Z
2026-09-09 17:02:04,PBT,2026-09-10,78149.13666667,78144.5,-5.933e-05,-5.933e-05,-5.9331003102207935e-05,2026-09-10T21:16:06Z
2026-09-09 17:02:04,PET,2026-09-10,2461.86666667,2463,0.00046036,0.00046036,0.00046035528460722735,2026-09-10T21:16:06Z
2026-09-09 18:00:04,PBT,2026-09-10,77909.88227273,77905,-6.267e-05,-1.184e-05,-1.1837374331267777e-05,2026-09-10T21:16:06Z
2026-09-09 18:00:04,PET,2026-09-10,2450.18857143,2449.65,-0.00021981,0.00013141,0.0001314106502517474,2026-09-10T21:16:06Z
2026-09-09 19:00:04,PBT,2026-09-10,78283.45888889,78278,-6.973e-05,-7.23e-05,-7.229599487549328e-05,2026-09-10T21:16:06Z
2026-09-09 19:00:04,PET,2026-09-10,2468.09347826,2467.95,-5.813e-05,2.789e-05,2.788803957801804e-05,2026-09-10T21:16:06Z
2026-09-09 20:00:04,PBT,2026-09-10,78158.92142857,78158.5,-5.39e-06,-9.552e-05,-9.552431113284994e-05,2026-09-10T21:16:06Z
2026-09-09 20:00:04,PET,2026-09-10,2464.36,2464.75,0.00015826,2.044e-05,2.0435801461763018e-05,2026-09-10T21:16:06Z
2026-09-09 21:00:04,PBT,2026-09-10,78074.41333333,78042.5,-0.00040876,-0.00012359,-0.00012358990229878938,2026-09-10T21:16:06Z
2026-09-09 21:00:04,PET,2026-09-10,2463.41,2462.9,-0.00020703,3.1e-06,3.1041793599324935e-06,2026-09-10T21:16:06Z
2026-09-09 22:00:04,PBT,2026-09-10,78331.19,78336,6.141e-05,-0.00011056,-0.00011055706186756908,2026-09-10T21:16:06Z
2026-09-09 22:00:04,PET,2026-09-10,2474.25428571,2475.95,0.00068534,8.76e-06,8.755219499623454e-06,2026-09-10T21:16:06Z
2026-09-09 23:00:04,PBT,2026-09-10,78297.49272727,78291,-8.292e-05,-0.00010723,-0.00010723413838530274,2026-09-10T21:16:06Z
2026-09-09 23:00:04,PET,2026-09-10,2474.41,2474.25,-6.466e-05,9.68e-06,9.682601894012936e-06,2026-09-10T21:16:06Z
2026-09-10 00:00:04,PBT,2026-09-10,78375.694,78367.5,-0.00010455,-9.004e-05,-9.003995918093624e-05,2026-09-10T21:16:06Z
2026-09-10 00:00:04,PET,2026-09-10,2477.81891667,2478.75,0.00037577,3.931e-05,3.930955828966011e-05,2026-09-10T21:16:06Z
2026-09-10 01:00:04,PBT,2026-09-10,78493.30666667,78508,0.00018719,-8.108e-05,-8.107623979981795e-05,2026-09-10T21:16:06Z
2026-09-10 01:00:04,PET,2026-09-10,2481.39888889,2482.25,0.000343,7.26e-05,7.259797164090118e-05,2026-09-10T21:16:06Z
2026-09-10 02:00:04,PBT,2026-09-10,78394.704375,78385.5,-0.00011741,-0.0001012,-0.00010120329902505907,2026-09-10T21:16:06Z
2026-09-10 02:00:04,PET,2026-09-10,2479.51,2480.3500000000004,0.00033878,7.084e-05,7.084056113242264e-05,2026-09-10T21:16:06Z
2026-09-10 03:00:04,PBT,2026-09-10,78092.82333333,78068,-0.00031787,-0.00012087,-0.00012086708778081,2026-09-10T21:16:06Z
2026-09-10 03:00:04,PET,2026-09-10,2472.33,2472.45,4.854e-05,5.885e-05,5.885188640895777e-05,2026-09-10T21:16:06Z
2026-09-10 04:00:04,PBT,2026-09-10,78082,78080.5,-1.921e-05,-0.00011226,-0.00011226100422772604,2026-09-10T21:16:06Z
2026-09-10 04:00:04,PET,2026-09-10,2470.819,2470.65,-6.84e-05,4.523e-05,4.522792095798876e-05,2026-09-10T21:16:06Z
2026-09-10 05:00:04,PBT,2026-09-10,77958.89909091,77962,3.978e-05,-0.00011493,-0.00011493413499060659,2026-09-10T21:16:06Z
2026-09-10 05:00:04,PET,2026-09-10,2467.03,2467.75,0.00029185,1.953e-05,1.9526287209078466e-05,2026-09-10T21:16:06Z
2026-09-10 06:00:04,PBT,2026-09-10,77844.37,77828.5,-0.00020387,-0.00011534,-0.00011533672829298738,2026-09-10T21:16:06Z
2026-09-10 06:00:04,PET,2026-09-10,2463.63,2462.75,-0.0003572,2.1e-07,2.0860515807434358e-07,2026-09-10T21:16:06Z
2026-09-10 07:00:04,PBT,2026-09-10,77825.69695652,77801.5,-0.00031091,-0.00011266,-0.00011266495099366807,2026-09-10T21:16:06Z
2026-09-10 07:00:04,PET,2026-09-10,2461.90653846,2461.25,-0.00026668,-1.156e-05,-1.1557561313923466e-05,2026-09-10T21:16:06Z
2026-09-10 08:00:04,PBT,2026-09-10,76867.93,76869,1.392e-05,-0.0001203,-0.0001203025376711521,2026-09-10T21:16:06Z
2026-09-10 08:00:04,PET,2026-09-10,2414.04314286,2414.25,8.569e-05,-3.462e-05,-3.462039464028805e-05,2026-09-10T21:16:06Z
2026-09-10 09:00:04,PBT,2026-09-10,77152.42705882,77169.5,0.00022129,-0.00011831,-0.00011830571888455799,2026-09-10T21:16:06Z
2026-09-10 09:00:04,PET,2026-09-10,2434.8975,2435.4,0.00020637,-3.61e-05,-3.609754091621701e-05,2026-09-10T21:16:06Z
2026-09-10 10:00:04,PBT,2026-09-10,77383.8009375,77364,-0.00025588,-0.00012446,-0.00012445709588700089,2026-09-10T21:16:06Z
2026-09-10 10:00:04,PET,2026-09-10,2443.4888,2442.4,-0.00044559,-3.86e-05,-3.860184283179743e-05,2026-09-10T21:16:06Z
2026-09-10 11:00:04,PBT,2026-09-10,77223.16304348,77217.5,-7.333e-05,-0.00012564,-0.00012564400342685917,2026-09-10T21:16:06Z
2026-09-10 11:00:04,PET,2026-09-10,2440.705,2441,0.00012087,-3.356e-05,-3.35576265818127e-05,2026-09-10T21:16:06Z
2026-09-10 12:00:04,PBT,2026-09-10,77170.93421053,77153,-0.0002324,-0.00013055,-0.0001305488455723654,2026-09-10T21:16:06Z
2026-09-10 12:00:04,PET,2026-09-10,2448.306875,2447.5,-0.00032956,-3.143e-05,-3.143367557343061e-05,2026-09-10T21:16:06Z
2026-09-10 13:00:04,PBT,2026-09-10,77300.666,77278,-0.00029322,-0.0001279,-0.00012789744521384265,2026-09-10T21:16:06Z
2026-09-10 13:00:04,PET,2026-09-10,2466.27266667,2465,-0.00051603,-1.931e-05,-1.9314169495653988e-05,2026-09-10T21:16:06Z
2026-09-10 14:00:04,PBT,2026-09-10,77219.97961538,77205.5,-0.00018751,-0.00013647,-0.00013647204677941617,2026-09-10T21:16:06Z
2026-09-10 14:00:04,PET,2026-09-10,2468.02826087,2467.05,-0.00039637,-2.236e-05,-2.2360791336984712e-05,2026-09-10T21:16:06Z
2026-09-10 15:00:04,PBT,2026-09-10,77118.49645161,77133,0.00018807,-0.00014084,-0.00014084097390976968,2026-09-10T21:16:06Z
2026-09-10 15:00:04,PET,2026-09-10,2461.94735294,2462.4,0.00018386,-3.006e-05,-3.0058347735917846e-05,2026-09-10T21:16:06Z
2026-09-10 17:04:04,PBT,2026-09-11,77104.52451613,77108.5,5.156e-05,5.156e-05,5.155967039484347e-05,2026-09-11T21:16:13Z
2026-09-10 17:04:04,PET,2026-09-11,2458.38,2458.55,6.915e-05,6.915e-05,6.915122967160193e-05,2026-09-11T21:16:13Z
2026-09-10 18:00:04,PBT,2026-09-11,76807.275625,76799,-0.00010775,-0.00016691,-0.00016690914203754963,2026-09-11T21:16:13Z
2026-09-10 18:00:04,PET,2026-09-11,2444.2425,2444.55,0.00012581,-0.00012489,-0.00012488855509812266,2026-09-11T21:16:13Z
2026-09-10 19:00:04,PBT,2026-09-11,76539.84095238,76522.5,-0.00022656,-0.00030638,-0.00030637527507445844,2026-09-11T21:16:13Z
2026-09-10 19:00:04,PET,2026-09-11,2437.365,2437.45,3.487e-05,-0.00010919,-0.00010919259638177677,2026-09-11T21:16:13Z
2026-09-10 20:00:04,PBT,2026-09-11,76879.73,76878,-2.25e-05,-0.00020989,-0.0002098883029396176,2026-09-11T21:16:13Z
2026-09-10 20:00:04,PET,2026-09-11,2455.88,2455.55,-0.00013437,-3.56e-05,-3.560383702228133e-05,2026-09-11T21:16:13Z
2026-09-10 21:00:04,PBT,2026-09-11,76951,76940.5,-0.00013645,-0.0001764,-0.00017640253713818813,2026-09-11T21:16:13Z
2026-09-10 21:00:04,PET,2026-09-11,2453.94941176,2453.55,-0.00016276,-3.247e-05,-3.247247933930464e-05,2026-09-11T21:16:13Z
2026-09-10 22:00:04,PBT,2026-09-11,76820.64,76796.5,-0.00031424,-0.00015908,-0.0001590823520849046,2026-09-11T21:16:13Z
2026-09-10 22:00:04,PET,2026-09-11,2446.04,2444.75,-0.00052738,-7.808e-05,-7.808028076712987e-05,2026-09-11T21:16:13Z
2026-09-10 23:00:04,PBT,2026-09-11,76868.25,76858,-0.00013335,-0.00013714,-0.0001371386563905522,2026-09-11T21:16:13Z
2026-09-10 23:00:04,PET,2026-09-11,2446.25571429,2446.55,0.0001203,-0.00010482,-0.00010482178451506434,2026-09-11T21:16:13Z
2026-09-11 00:00:04,PBT,2026-09-11,77098.409375,77081.5,-0.00021932,-0.00010008,-0.00010008049283826059,2026-09-11T21:16:13Z
2026-09-11 00:00:04,PET,2026-09-11,2458.64,2458.75,4.474e-05,-6.057e-05,-6.05721244262063e-05,2026-09-11T21:16:13Z
2026-09-11 01:00:04,PBT,2026-09-11,77229.25,77226.5,-3.561e-05,-8.453e-05,-8.453279405249178e-05,2026-09-11T21:16:13Z
2026-09-11 01:00:04,PET,2026-09-11,2467.89,2467.7,-7.699e-05,-5.294e-05,-5.293970334823145e-05,2026-09-11T21:16:13Z
2026-09-11 02:00:04,PBT,2026-09-11,77278.92,77250,-0.00037423,-0.00010237,-0.0001023696963495842,2026-09-11T21:16:13Z
2026-09-11 02:00:04,PET,2026-09-11,2466.3675,2466.05,-0.00012873,-5.282e-05,-5.2820663502680755e-05,2026-09-11T21:16:13Z
2026-09-11 03:00:04,PBT,2026-09-11,77208.39,77188,-0.00026409,-0.00011895,-0.00011894859394827136,2026-09-11T21:16:13Z
2026-09-11 03:00:04,PET,2026-09-11,2466.605,2466.55,-2.23e-05,-4.129e-05,-4.129447682965404e-05,2026-09-11T21:16:13Z
2026-09-11 04:00:04,PBT,2026-09-11,77326.06,77331.5,7.035e-05,-0.00011718,-0.00011717854266115769,2026-09-11T21:16:13Z
2026-09-11 04:00:04,PET,2026-09-11,2476.02,2475.55,-0.00018982,-4.052e-05,-4.052218056667708e-05,2026-09-11T21:16:13Z
2026-09-11 05:00:04,PBT,2026-09-11,77023.833125,77008.5,-0.00019907,-0.00012427,-0.00012426834714048297,2026-09-11T21:16:13Z
2026-09-11 05:00:04,PET,2026-09-11,2469.28964286,2467.75,-0.00062352,-4.36e-05,-4.359586972195663e-05,2026-09-11T21:16:13Z
2026-09-11 06:00:04,PBT,2026-09-11,76980.07166667,76954,-0.00033868,-0.00011823,-0.0001182348647243507,2026-09-11T21:16:13Z
2026-09-11 06:00:04,PET,2026-09-11,2461.36478261,2460.55,-0.00033103,-4.78e-05,-4.780271945102242e-05,2026-09-11T21:16:13Z
2026-09-11 07:00:04,PBT,2026-09-11,77002.93,76994.5,-0.00010948,-0.00011737,-0.00011736558594187595,2026-09-11T21:16:13Z
2026-09-11 07:00:04,PET,2026-09-11,2457.9,2456.55,-0.00054925,-4.91e-05,-4.9101199707991256e-05,2026-09-11T21:16:13Z
2026-09-11 08:00:04,PBT,2026-09-11,78009.55416667,77984.5,-0.00032117,-0.00011016,-0.00011016498881610305,2026-09-11T21:16:13Z
2026-09-11 08:00:04,PET,2026-09-11,2510.4755,2510.05,-0.00016949,-4.465e-05,-4.464534960420493e-05,2026-09-11T21:16:13Z
2026-09-11 09:00:04,PBT,2026-09-11,79192.204,79154.5,-0.00047611,-0.0001012,-0.0001011960763496789,2026-09-11T21:16:13Z
2026-09-11 09:00:04,PET,2026-09-11,2628.23283636,2625.1499999999996,-0.00117297,-1.58e-05,-1.5797427012872274e-05,2026-09-11T21:16:13Z
2026-09-11 10:00:04,PBT,2026-09-11,78787.4640625,78793.5,7.661e-05,-8.928e-05,-8.927772767823187e-05,2026-09-11T21:16:13Z
2026-09-11 10:00:04,PET,2026-09-11,2607.95457143,2607.7,-9.761e-05,1.142e-05,1.1419769293596624e-05,2026-09-11T21:16:13Z
2026-09-11 11:00:04,PBT,2026-09-11,77710.10814815,77688,-0.0002845,-7.075e-05,-7.074699538751478e-05,2026-09-11T21:16:13Z
2026-09-11 11:00:04,PET,2026-09-11,2559.60619048,2560.4,0.00031013,1.532e-05,1.5319841016710477e-05,2026-09-11T21:16:13Z
2026-09-11 12:00:04,PBT,2026-09-11,77908.03095238,77906,-2.607e-05,-5.919e-05,-5.919133550645854e-05,2026-09-11T21:16:13Z
2026-09-11 12:00:04,PET,2026-09-11,2577.56761905,2577.5,-2.623e-05,3.084e-05,3.0837339476624e-05,2026-09-11T21:16:13Z
2026-09-11 13:00:04,PBT,2026-09-11,77516.50363636,77523,8.381e-05,-4.738e-05,-4.737573076248634e-05,2026-09-11T21:16:13Z
2026-09-11 13:00:04,PET,2026-09-11,2566.31928571,2567,0.00026525,3.127e-05,3.126560133141649e-05,2026-09-11T21:16:13Z
2026-09-11 14:00:04,PBT,2026-09-11,77029.326,77061,0.00041119,-3.865e-05,-3.865355794292505e-05,2026-09-11T21:16:13Z
2026-09-11 14:00:04,PET,2026-09-11,2536.38458333,2537.6499999999996,0.00049891,1.97e-05,1.969837980279658e-05,2026-09-11T21:16:13Z
2026-09-11 15:00:04,PBT,2026-09-11,77281.18679245,77281.5,4.05e-06,-1.616e-05,-1.6160914383195074e-05,2026-09-11T21:16:13Z
2026-09-11 15:00:04,PET,2026-09-11,2538.88863636,2538.5,-0.00015307,1.9e-05,1.900274592211284e-05,2026-09-11T21:16:13Z
2026-09-13 17:01:04,PBT,2026-09-14,77165.80805556,77099,-0.00086577,-0.00086577,-0.0008657727722089083,2026-09-14T21:16:01Z
2026-09-13 17:01:04,PET,2026-09-14,2499.10032258,2498.35,-0.00030024,-0.00030024,-0.000300237078608149,2026-09-14T21:16:01Z
2026-09-13 18:00:04,PBT,2026-09-14,76686.23,76691,6.22e-05,-0.000105,-0.00010500341177423926,2026-09-14T21:16:01Z
2026-09-13 18:00:04,PET,2026-09-14,2474.62409091,2475.1,0.00019232,-0.00012616,-0.00012615687448593767,2026-09-14T21:16:01Z
2026-09-13 19:00:04,PBT,2026-09-14,76813.924,76829.5,0.00020278,-3.698e-05,-3.6980249604117386e-05,2026-09-14T21:16:01Z
2026-09-13 19:00:04,PET,2026-09-14,2476.27,2477.65,0.00055729,2.354e-05,2.3537056508111218e-05,2026-09-14T21:16:01Z
2026-09-13 20:00:04,PBT,2026-09-14,76770.27333333,76753.5,-0.00021849,-6.35e-05,-6.349812667482058e-05,2026-09-14T21:16:01Z
2026-09-13 20:00:04,PET,2026-09-14,2483.30142857,2481.95,-0.00054421,-8.04e-05,-8.03997102619822e-05,2026-09-14T21:16:01Z
2026-09-13 21:00:04,PBT,2026-09-14,77079.73666667,77081,1.639e-05,-8.487e-05,-8.486753002741142e-05,2026-09-14T21:16:01Z
2026-09-13 21:00:04,PET,2026-09-14,2492.6665,2492.45,-8.685e-05,-0.00010469,-0.00010469093484842861,2026-09-14T21:16:01Z
2026-09-13 22:00:04,PBT,2026-09-14,77568.69,77568,-8.9e-06,-5.29e-05,-5.2897242471472085e-05,2026-09-14T21:16:01Z
2026-09-13 22:00:04,PET,2026-09-14,2510.24416667,2510.6,0.00014175,-6.739e-05,-6.739413260791979e-05,2026-09-14T21:16:01Z
2026-09-13 23:00:04,PBT,2026-09-14,77568.78436364,77555.5,-0.00017126,-4.908e-05,-4.908465345479048e-05,2026-09-14T21:16:01Z
2026-09-13 23:00:04,PET,2026-09-14,2511.97882353,2512.6,0.00024729,-7.06e-06,-7.062761857083577e-06,2026-09-14T21:16:01Z
2026-09-14 00:00:04,PBT,2026-09-14,77645.48,77625,-0.00026376,-7.701e-05,-7.701034152730978e-05,2026-09-14T21:16:01Z
2026-09-14 00:00:04,PET,2026-09-14,2513.98,2514.1,4.773e-05,2.085e-05,2.0851157640691043e-05,2026-09-14T21:16:01Z
2026-09-14 01:00:04,PBT,2026-09-14,77569.33,77579,0.00012466,-8.129e-05,-8.128728542120312e-05,2026-09-14T21:16:01Z
2026-09-14 01:00:04,PET,2026-09-14,2515.48,2516.6,0.00044524,4.719e-05,4.719096358672892e-05,2026-09-14T21:16:01Z
2026-09-14 02:00:04,PBT,2026-09-14,77550.48,77536,-0.00018672,-0.00011319,-0.00011318589089670727,2026-09-14T21:16:01Z
2026-09-14 02:00:04,PET,2026-09-14,2513.67,2513.2,-0.00018698,6.06e-06,6.064937511614763e-06,2026-09-14T21:16:01Z
2026-09-14 03:00:04,PBT,2026-09-14,77864.00166667,77849,-0.00019266,-0.00013019,-0.00013018955767927603,2026-09-14T21:16:01Z
2026-09-14 03:00:04,PET,2026-09-14,2522.06,2522.05,-3.97e-06,-1.47e-06,-1.4745608481282887e-06,2026-09-14T21:16:01Z
2026-09-14 04:00:04,PBT,2026-09-14,77701.05,77703.5,3.153e-05,-0.00012979,-0.00012978615830737782,2026-09-14T21:16:01Z
2026-09-14 04:00:04,PET,2026-09-14,2517.58555556,2517.05,-0.00021273,-7.49e-06,-7.4881179117104165e-06,2026-09-14T21:16:01Z
2026-09-14 05:00:04,PBT,2026-09-14,78112.49,78124.5,0.00015375,-0.00012257,-0.00012256661339494942,2026-09-14T21:16:01Z
2026-09-14 05:00:04,PET,2026-09-14,2522.708,2523.45,0.00029413,-1.762e-05,-1.7623389768293487e-05,2026-09-14T21:16:01Z
2026-09-14 06:00:04,PBT,2026-09-14,77872.00914286,77876,5.125e-05,-0.00012317,-0.00012317232655073367,2026-09-14T21:16:01Z
2026-09-14 06:00:04,PET,2026-09-14,2512.06666667,2511.95,-4.644e-05,-2.916e-05,-2.9163564689066633e-05,2026-09-14T21:16:01Z
2026-09-14 07:00:04,PBT,2026-09-14,77750.5776,77741,-0.00012318,-0.00012352,-0.00012352394709469117,2026-09-14T21:16:01Z
2026-09-14 07:00:04,PET,2026-09-14,2507.85222222,2507.75,-4.076e-05,-4.288e-05,-4.288289886367192e-05,2026-09-14T21:16:01Z
2026-09-14 08:00:04,PBT,2026-09-14,77673.21436364,77593,-0.00103272,-0.00012513,-0.00012513053867175197,2026-09-14T21:16:01Z
2026-09-14 08:00:04,PET,2026-09-14,2504.27933333,2502.25,-0.00081035,-4.653e-05,-4.653311852209243e-05,2026-09-14T21:16:01Z
2026-09-14 09:00:04,PBT,2026-09-14,78167.20305556,78156,-0.00014332,-0.00012896,-0.000128964306692562,2026-09-14T21:16:01Z
2026-09-14 09:00:04,PET,2026-09-14,2500.30189189,2499.5,-0.00032072,-5.083e-05,-5.082576664804545e-05,2026-09-14T21:16:01Z
2026-09-14 10:00:04,PBT,2026-09-14,78505.65363636,78460,-0.00058153,-0.00012592,-0.00012592248991559279,2026-09-14T21:16:01Z
2026-09-14 10:00:04,PET,2026-09-14,2501.19444444,2499.7,-0.00059749,-3.906e-05,-3.905974503354493e-05,2026-09-14T21:16:01Z
2026-09-14 11:00:04,PBT,2026-09-14,78558.16134615,78558,-2.05e-06,-0.00011913,-0.00011913130858719111,2026-09-14T21:16:01Z
2026-09-14 11:00:04,PET,2026-09-14,2507.68,2507.55,-5.184e-05,-4.627e-05,-4.6269305381267535e-05,2026-09-14T21:16:01Z
2026-09-14 12:00:04,PBT,2026-09-14,78763.48777778,78753.5,-0.00012681,-0.00011348,-0.00011348005617262402,2026-09-14T21:16:01Z
2026-09-14 12:00:04,PET,2026-09-14,2528.78583333,2528.15,-0.00025144,-5.251e-05,-5.250760294735704e-05,2026-09-14T21:16:01Z
2026-09-14 13:00:04,PBT,2026-09-14,78944.86488889,78940.5,-5.529e-05,-0.00010894,-0.00010893693048561883,2026-09-14T21:16:01Z
2026-09-14 13:00:04,PET,2026-09-14,2533.30461538,2533,-0.00012024,-5.878e-05,-5.8784094234947216e-05,2026-09-14T21:16:01Z
2026-09-14 14:00:04,PBT,2026-09-14,79217.93133333,79193,-0.00031472,-0.00011132,-0.00011132248658516585,2026-09-14T21:16:01Z
2026-09-14 14:00:04,PET,2026-09-14,2538.68217391,2538,-0.00026871,-6.255e-05,-6.255358246166776e-05,2026-09-14T21:16:01Z
2026-09-14 15:00:04,PBT,2026-09-14,79002.90875,78995.5,-9.378e-05,-0.00011202,-0.00011201565683382736,2026-09-14T21:16:01Z
2026-09-14 15:00:04,PET,2026-09-14,2539.68540541,2540.65,0.00037981,-6.986e-05,-6.986043125569218e-05,2026-09-14T21:16:01Z
2026-09-14 17:01:04,PBT,2026-09-15,78729.12613636,78699,-0.00038266,-0.00038266,-0.0003826555410741781,2026-09-15T21:16:03Z
2026-09-14 17:01:04,PET,2026-09-15,2544.313125,2544.5,7.345e-05,7.345e-05,7.344811382045308e-05,2026-09-15T21:16:03Z
2026-09-14 18:00:04,PBT,2026-09-15,78545.59380952,78542,-4.575e-05,-3.622e-05,-3.622036812257721e-05,2026-09-15T21:16:03Z
2026-09-14 18:00:04,PET,2026-09-15,2532.99,2532.05,-0.0003711,-1.86e-05,-1.8598186429890274e-05,2026-09-15T21:16:03Z
2026-09-14 19:00:04,PBT,2026-09-15,78197.09885714,78167.5,-0.00037852,-8.373e-05,-8.372584968020219e-05,2026-09-15T21:16:03Z
2026-09-14 19:00:04,PET,2026-09-15,2515.64724138,2514.3,-0.00053554,-0.00013469,-0.00013468661425319615,2026-09-15T21:16:03Z
2026-09-14 20:00:04,PBT,2026-09-15,77942.70318182,77941.5,-1.544e-05,-6.971e-05,-6.971027835846403e-05,2026-09-15T21:16:03Z
2026-09-14 20:00:04,PET,2026-09-15,2515.88958333,2515.8500000000004,-1.573e-05,-8.663e-05,-8.662578495219294e-05,2026-09-15T21:16:03Z
2026-09-14 21:00:04,PBT,2026-09-15,77895.84,77896.5,8.47e-06,-6.923e-05,-6.922530871796256e-05,2026-09-15T21:16:03Z
2026-09-14 21:00:04,PET,2026-09-15,2515.34,2515,-0.00013517,-7.298e-05,-7.29830832365499e-05,2026-09-15T21:16:03Z
2026-09-14 22:00:04,PBT,2026-09-15,77892.66384615,77896,4.283e-05,-5.356e-05,-5.355696458666941e-05,2026-09-15T21:16:03Z
2026-09-14 22:00:04,PET,2026-09-15,2511.92166667,2512,3.118e-05,-3.68e-05,-3.6800038240011804e-05,2026-09-15T21:16:03Z
2026-09-14 23:00:04,PBT,2026-09-15,77649.15315789,77657,0.00010106,-3.985e-05,-3.9847575975779596e-05,2026-09-15T21:16:03Z
2026-09-14 23:00:04,PET,2026-09-15,2497.88285714,2497.55,-0.00013326,-4.234e-05,-4.234465147752136e-05,2026-09-15T21:16:03Z
2026-09-15 00:00:04,PBT,2026-09-15,77548.26,77545.5,-3.559e-05,-3.166e-05,-3.165685760704026e-05,2026-09-15T21:16:03Z
2026-09-15 00:00:04,PET,2026-09-15,2490.4559375,2489.65,-0.00032361,-6.806e-05,-6.805858354561938e-05,2026-09-15T21:16:03Z
2026-09-15 01:00:04,PBT,2026-09-15,77612.45636364,77629.5,0.0002196,-2.138e-05,-2.1380566597199214e-05,2026-09-15T21:16:03Z
2026-09-15 01:00:04,PET,2026-09-15,2496.24333333,2496.8500000000004,0.00024303,-4.417e-05,-4.4165736476443e-05,2026-09-15T21:16:03Z
2026-09-15 02:00:04,PBT,2026-09-15,77261.46,77244,-0.00022599,-3.441e-05,-3.4408784295888305e-05,2026-09-15T21:16:03Z
2026-09-15 02:00:04,PET,2026-09-15,2485.57705882,2484.6,-0.00039309,-7.815e-05,-7.815255309708214e-05,2026-09-15T21:16:03Z
2026-09-15 03:00:04,PBT,2026-09-15,76903.70666667,76905.5,2.332e-05,-4.38e-05,-4.379797916970293e-05,2026-09-15T21:16:03Z
2026-09-15 03:00:04,PET,2026-09-15,2472.999375,2472.6499999999996,-0.00014128,-0.00011322,-0.0001132194808911844,2026-09-15T21:16:03Z
2026-09-15 04:00:04,PBT,2026-09-15,76954.99,76970.5,0.00020155,-4.034e-05,-4.0342296701371264e-05,2026-09-15T21:16:03Z
2026-09-15 04:00:04,PET,2026-09-15,2476.35727273,2475.8,-0.00022504,-0.00011084,-0.00011083920422619277,2026-09-15T21:16:03Z
2026-09-15 05:00:04,PBT,2026-09-15,76955.34833333,76953.5,-2.402e-05,-3.862e-05,-3.861688199252105e-05,2026-09-15T21:16:03Z
2026-09-15 05:00:04,PET,2026-09-15,2473.4,2473.9,0.00020215,-0.00011026,-0.00011026213202072043,2026-09-15T21:16:03Z
2026-09-15 06:00:04,PBT,2026-09-15,77025.69,77009.5,-0.00021019,-4.091e-05,-4.090508991952874e-05,2026-09-15T21:16:03Z
2026-09-15 06:00:04,PET,2026-09-15,2482.70611111,2483.5,0.00031977,-9.494e-05,-9.494200597677391e-05,2026-09-15T21:16:03Z
2026-09-15 07:00:04,PBT,2026-09-15,76902.48965517,76869,-0.00043548,-4.845e-05,-4.8448419900236734e-05,2026-09-15T21:16:03Z
2026-09-15 07:00:04,PET,2026-09-15,2475.6875,2475.8,4.544e-05,-8.067e-05,-8.066612259734889e-05,2026-09-15T21:16:03Z
2026-09-15 08:00:04,PBT,2026-09-15,76930.82285714,76918,-0.00016668,-5.624e-05,-5.623991747054879e-05,2026-09-15T21:16:03Z
2026-09-15 08:00:04,PET,2026-09-15,2478.9025,2479.25,0.00014018,-7.735e-05,-7.734956590157649e-05,2026-09-15T21:16:03Z
2026-09-15 09:00:04,PBT,2026-09-15,76556.79085714,76594,0.00048603,-6.089e-05,-6.0893026955118775e-05,2026-09-15T21:16:03Z
2026-09-15 09:00:04,PET,2026-09-15,2452.688125,2451.75,-0.00038249,-9.045e-05,-9.044666835497031e-05,2026-09-15T21:16:03Z
2026-09-15 10:00:04,PBT,2026-09-15,75863.50577778,75872.5,0.00011856,-6.789e-05,-6.789114373189546e-05,2026-09-15T21:16:03Z
2026-09-15 10:00:04,PET,2026-09-15,2406.31235294,2406.4,3.642e-05,-0.00012917,-0.00012917110170141565,2026-09-15T21:16:03Z
2026-09-15 11:00:04,PBT,2026-09-15,76478.41021277,76468.5,-0.00012958,-6.312e-05,-6.311843338110337e-05,2026-09-15T21:16:03Z
2026-09-15 11:00:04,PET,2026-09-15,2423.54166667,2422.55,-0.00040918,-0.00013944,-0.00013943879773549455,2026-09-15T21:16:03Z
2026-09-15 12:00:04,PBT,2026-09-15,76339.07575758,76349,0.00013,-6.347e-05,-6.34733183072195e-05,2026-09-15T21:16:03Z
2026-09-15 12:00:04,PET,2026-09-15,2421.085,2420.25,-0.00034489,-0.00014056,-0.00014055907798260825,2026-09-15T21:16:03Z
2026-09-15 13:00:04,PBT,2026-09-15,76916.72913043,76896,-0.0002695,-5.886e-05,-5.885721565085531e-05,2026-09-15T21:16:03Z
2026-09-15 13:00:04,PET,2026-09-15,2440.14870968,2439.25,-0.0003683,-0.00013439,-0.00013438989775154964,2026-09-15T21:16:03Z
2026-09-15 14:00:04,PBT,2026-09-15,75960.04283019,75913.5,-0.00061273,-6.237e-05,-6.23728808940576e-05,2026-09-15T21:16:03Z
2026-09-15 14:00:04,PET,2026-09-15,2401.03890909,2400.35,-0.00028692,-0.00014574,-0.00014573797722323354,2026-09-15T21:16:03Z
2026-09-15 15:00:04,PBT,2026-09-15,76082.79277778,76122,0.00051532,-6.816e-05,-6.815506266819527e-05,2026-09-15T21:16:03Z
2026-09-15 15:00:04,PET,2026-09-15,2414.838125,2415.2,0.00014985,-0.00014574,-0.00014574188066404994,2026-09-15T21:16:03Z
2026-09-15 17:03:04,PBT,2026-09-16,75497.1627907,75525,0.00036872,0.00036872,0.0003687186149919289,2026-09-16T21:15:59Z
2026-09-15 17:04:04,PET,2026-09-16,2392.30225,2391.25,-0.00043985,-0.00043985,-0.00043984826750055747,2026-09-16T21:15:59Z
2026-09-15 18:00:04,PBT,2026-09-16,75610.33923077,75624,0.00018067,-1.568e-05,-1.5677122903823582e-05,2026-09-16T21:15:59Z
2026-09-15 18:00:04,PET,2026-09-16,2395.438,2395.3,-5.761e-05,9.64e-05,9.6395754253918e-05,2026-09-16T21:15:59Z
2026-09-15 19:00:04,PBT,2026-09-16,75579.105625,75594.5,0.00020369,-4.708e-05,-4.707860793382086e-05,2026-09-16T21:15:59Z
2026-09-15 19:00:04,PET,2026-09-16,2396.77869565,2396.6,-7.456e-05,-1.895e-05,-1.8945113603371043e-05,2026-09-16T21:15:59Z
2026-09-15 20:00:04,PBT,2026-09-16,75723.54,75714.5,-0.00011938,-3.004e-05,-3.004280121645269e-05,2026-09-16T21:15:59Z
2026-09-15 20:00:04,PET,2026-09-16,2397.64818182,2397.3,-0.00014522,4.531e-05,4.531497794530853e-05,2026-09-16T21:15:59Z
2026-09-15 21:00:04,PBT,2026-09-16,75435.59666667,75434,-2.117e-05,-1.613e-05,-1.6134116269723733e-05,2026-09-16T21:15:59Z
2026-09-15 21:00:04,PET,2026-09-16,2389.14647059,2388.75,-0.00016595,3.666e-05,3.665978301083418e-05,2026-09-16T21:15:59Z
2026-09-15 22:00:04,PBT,2026-09-16,75821.51,75837.5,0.00021089,2.17e-06,2.1706369989210096e-06,2026-09-16T21:15:59Z
2026-09-15 22:00:04,PET,2026-09-16,2401.18,2401.6,0.00017491,2.198e-05,2.1981759944264904e-05,2026-09-16T21:15:59Z
2026-09-15 23:00:04,PBT,2026-09-16,75764.54083333,75761.5,-4.014e-05,5.78e-06,5.7820097187675895e-06,2026-09-16T21:15:59Z
2026-09-15 23:00:04,PET,2026-09-16,2400.052,2400.9,0.00035333,1.673e-05,1.673225264639816e-05,2026-09-16T21:15:59Z
2026-09-16 00:00:04,PBT,2026-09-16,75802.96333333,75811.5,0.00011262,-5.13e-06,-5.127927614190476e-06,2026-09-16T21:15:59Z
2026-09-16 00:00:04,PET,2026-09-16,2402.21691667,2401.55,-0.00027763,-6.94e-06,-6.943037561716204e-06,2026-09-16T21:15:59Z
2026-09-16 01:00:04,PBT,2026-09-16,75904.37090909,75930.5,0.00034424,4.9e-07,4.918811266297606e-07,2026-09-16T21:15:59Z
2026-09-16 01:00:04,PET,2026-09-16,2405.09,2405.8,0.00029521,-3.996e-05,-3.996180064074437e-05,2026-09-16T21:15:59Z
2026-09-16 02:00:04,PBT,2026-09-16,75970.56848485,75962,-0.00011279,-5.7e-07,-5.659190225016606e-07,2026-09-16T21:15:59Z
2026-09-16 02:00:04,PET,2026-09-16,2405.08,2404,-0.00044905,-8.571e-05,-8.570861116794947e-05,2026-09-16T21:15:59Z
2026-09-16 03:00:04,PBT,2026-09-16,75705.20962963,75679.5,-0.0003396,-1.131e-05,-1.1308794263297736e-05,2026-09-16T21:15:59Z
2026-09-16 03:00:04,PET,2026-09-16,2395.26714286,2394.05,-0.00050814,-9.365e-05,-9.365171309658282e-05,2026-09-16T21:15:59Z
2026-09-16 04:00:04,PBT,2026-09-16,75649.84,75665.5,0.00020701,-2.42e-05,-2.4198447053236865e-05,2026-09-16T21:15:59Z
2026-09-16 04:00:04,PET,2026-09-16,2401.16,2400.55,-0.00025404,-0.0001195,-0.00011949632943383427,2026-09-16T21:15:59Z
2026-09-16 05:00:04,PBT,2026-09-16,75923.128,75918.5,-6.096e-05,-2.655e-05,-2.654685412871994e-05,2026-09-16T21:15:59Z
2026-09-16 05:00:04,PET,2026-09-16,2404.011125,2404.25,9.937e-05,-0.0001064,-0.00010640362471884842,2026-09-16T21:15:59Z
2026-09-16 06:00:04,PBT,2026-09-16,75888.49777778,75916,0.0003624,-2.83e-05,-2.8301952285002626e-05,2026-09-16T21:15:59Z
2026-09-16 06:00:04,PET,2026-09-16,2402.78981818,2403.25,0.00019152,-0.00010989,-0.00010988855133891802,2026-09-16T21:15:59Z
2026-09-16 07:00:04,PBT,2026-09-16,76172.15,76182.5,0.00013588,-1.718e-05,-1.7176029066786477e-05,2026-09-16T21:15:59Z
2026-09-16 07:00:04,PET,2026-09-16,2420.53555556,2420.55,5.97e-06,-9.21e-05,-9.210192269231179e-05,2026-09-16T21:15:59Z
2026-09-16 08:00:04,PBT,2026-09-16,75896.41615385,75900,4.722e-05,-1.829e-05,-1.8286272391970353e-05,2026-09-16T21:15:59Z
2026-09-16 08:00:04,PET,2026-09-16,2405.15,2404.05,-0.00045735,-9.432e-05,-9.432266689853219e-05,2026-09-16T21:15:59Z
2026-09-16 09:00:04,PBT,2026-09-16,75586.5006,75566.5,-0.00026461,-2.716e-05,-2.7158115633822663e-05,2026-09-16T21:15:59Z
2026-09-16 09:00:04,PET,2026-09-16,2391.863125,2391.25,-0.00025634,-9.669e-05,-9.669010857334655e-05,2026-09-16T21:15:59Z
2026-09-16 10:00:04,PBT,2026-09-16,75633.76136364,75640,8.248e-05,-3.275e-05,-3.275064308336298e-05,2026-09-16T21:15:59Z
2026-09-16 10:00:04,PET,2026-09-16,2388.11038462,2387.75,-0.00015091,-0.00011002,-0.00011001555627955139,2026-09-16T21:15:59Z
2026-09-16 11:00:04,PBT,2026-09-16,75743.59666667,75733.5,-0.0001333,-3.828e-05,-3.828275720164846e-05,2026-09-16T21:15:59Z
2026-09-16 11:00:04,PET,2026-09-16,2391.0996875,2390.8,-0.00012533,-0.00012058,-0.0001205796801323186,2026-09-16T21:15:59Z
2026-09-16 12:00:04,PBT,2026-09-16,75712.73826087,75690,-0.00030032,-5.114e-05,-5.114239395418999e-05,2026-09-16T21:15:59Z
2026-09-16 12:00:04,PET,2026-09-16,2390.46291667,2388.9,-0.00065381,-0.00013332,-0.00013331820419740004,2026-09-16T21:15:59Z
2026-09-16 13:01:04,PET,2026-09-16,2382.88109091,2382.75,-5.501e-05,-0.00015009,-0.00015008611659196426,2026-09-16T21:15:59Z
2026-09-16 13:03:04,PBT,2026-09-16,75575.29755556,75525.5,-0.00065891,-6.567e-05,-6.56735289022481e-05,2026-09-16T21:15:59Z
2026-09-16 14:00:04,PBT,2026-09-16,75550.9905,75575,0.00031779,-7.841e-05,-7.841039189469041e-05,2026-09-16T21:15:59Z
2026-09-16 14:00:04,PET,2026-09-16,2395.18482759,2397.3500000000004,0.00090397,-0.00017924,-0.00017924364114345397,2026-09-16T21:15:59Z
2026-09-16 15:00:04,PBT,2026-09-16,76020.06,76008.5,-0.00015207,-9.224e-05,-9.224327204902991e-05,2026-09-16T21:15:59Z
2026-09-16 15:00:04,PET,2026-09-16,2406.65870968,2406.95,0.00012104,-0.00019534,-0.00019533570019371297,2026-09-16T21:15:59Z
2026-09-16 17:05:04,PBT,2026-09-17,75695.48978261,75694.5,-1.308e-05,-1.308e-05,-1.3075846564286592e-05,2026-09-17T21:16:01Z
2026-09-16 17:05:04,PET,2026-09-17,2390.15304348,2389.25,-0.00037782,-0.00037782,-0.0003778182666852876,2026-09-17T21:16:01Z
2026-09-16 18:00:04,PBT,2026-09-17,75615.5725,75607.5,-0.00010676,-0.00010369,-0.0001036931149981786,2026-09-17T21:16:01Z
2026-09-16 18:00:04,PET,2026-09-17,2390.645,2389.55,-0.00045804,-0.00043944,-0.00043943533233746154,2026-09-17T21:16:01Z
2026-09-16 19:00:04,PBT,2026-09-17,76139.27176471,76153.5,0.00018687,-0.00010528,-0.00010528491047548569,2026-09-17T21:16:01Z
2026-09-16 19:00:04,PET,2026-09-17,2416.6768,2416.05,-0.00025936,-0.00032747,-0.0003274656335735272,2026-09-17T21:16:01Z
2026-09-16 20:00:04,PBT,2026-09-17,76278.39,76278.5,1.44e-06,-0.0001498,-0.0001497984585936931,2026-09-17T21:16:01Z
2026-09-16 20:00:04,PET,2026-09-17,2417.30863636,2417.05,-0.00010699,-0.00026839,-0.00026838963018357455,2026-09-17T21:16:01Z
2026-09-16 21:00:04,PBT,2026-09-17,76303.54285714,76296.5,-9.23e-05,-0.00014397,-0.00014396884648252984,2026-09-17T21:16:01Z
2026-09-16 21:00:04,PET,2026-09-17,2425.64866667,2424.95,-0.00028803,-0.0003326,-0.0003326037267481217,2026-09-17T21:16:01Z
2026-09-16 22:00:04,PBT,2026-09-17,76325.48636364,76313.5,-0.00015704,-0.00014783,-0.0001478265463915866,2026-09-17T21:16:01Z
2026-09-16 22:00:04,PET,2026-09-17,2427.13733333,2426.45,-0.00028319,-0.00034853,-0.00034852606659258956,2026-09-17T21:16:01Z
2026-09-16 23:00:04,PBT,2026-09-17,76381.71333333,76348.5,-0.00043483,-0.00014079,-0.00014079112649893738,2026-09-17T21:16:01Z
2026-09-16 23:00:04,PET,2026-09-17,2434,2432.75,-0.00051356,-0.00031719,-0.00031719239431511934,2026-09-17T21:16:01Z
2026-09-17 00:00:04,PBT,2026-09-17,76477.6,76455.5,-0.00028897,-0.00014159,-0.0001415874382210014,2026-09-17T21:16:01Z
2026-09-17 00:00:04,PET,2026-09-17,2440.3515,2439.55,-0.00032844,-0.00033112,-0.0003311223983963594,2026-09-17T21:16:01Z
2026-09-17 01:00:04,PBT,2026-09-17,76253.54428571,76231.5,-0.00028909,-0.00014507,-0.00014507081721449106,2026-09-17T21:16:01Z
2026-09-17 01:00:04,PET,2026-09-17,2435.01529412,2433.55,-0.00060176,-0.00032937,-0.00032937003503712424,2026-09-17T21:16:01Z
2026-09-17 02:00:04,PBT,2026-09-17,76395.096,76396.5,1.838e-05,-0.00012782,-0.0001278230482030482,2026-09-17T21:16:01Z
2026-09-17 02:00:04,PET,2026-09-17,2439.37,2437.95,-0.00058212,-0.00029475,-0.0002947516530245467,2026-09-17T21:16:01Z
2026-09-17 03:00:04,PBT,2026-09-17,76386.584,76401,0.00018872,-0.00011372,-0.00011371859955277048,2026-09-17T21:16:01Z
2026-09-17 03:00:04,PET,2026-09-17,2442.30272727,2442.55,0.00010125,-0.00028072,-0.00028072498529500367,2026-09-17T21:16:01Z
2026-09-17 04:00:04,PBT,2026-09-17,76505.49941176,76502,-4.574e-05,-0.00010251,-0.00010250569173509123,2026-09-17T21:16:01Z
2026-09-17 04:00:04,PET,2026-09-17,2443.34666667,2443.05,-0.00012142,-0.00027368,-0.00027367732355384106,2026-09-17T21:16:01Z
2026-09-17 05:00:04,PBT,2026-09-17,76403.93714286,76390,-0.00018241,-9.489e-05,-9.488501665136208e-05,2026-09-17T21:16:01Z
2026-09-17 05:00:04,PET,2026-09-17,2436.9,2435.95,-0.00038984,-0.00025686,-0.00025685586066087005,2026-09-17T21:16:01Z
2026-09-17 06:00:04,PBT,2026-09-17,76344.65666667,76331.5,-0.00017233,-0.00010131,-0.00010130748369862893,2026-09-17T21:16:01Z
2026-09-17 06:00:04,PET,2026-09-17,2433.44545455,2432.8,-0.00026524,-0.0002928,-0.00029280110202973983,2026-09-17T21:16:01Z
2026-09-17 07:00:04,PBT,2026-09-17,76404.27217391,76394,-0.00013445,-0.00010719,-0.00010719274646495178,2026-09-17T21:16:01Z
2026-09-17 07:00:04,PET,2026-09-17,2440.0362963,2439.3,-0.00030176,-0.00031685,-0.0003168488975501148,2026-09-17T21:16:01Z
2026-09-17 08:00:04,PBT,2026-09-17,76665.7,76632.5,-0.00043305,-0.00010789,-0.00010789278787566528,2026-09-17T21:16:01Z
2026-09-17 08:00:04,PET,2026-09-17,2458.27235294,2456.45,-0.00074131,-0.00031879,-0.00031878531744093615,2026-09-17T21:16:01Z
2026-09-17 09:00:04,PBT,2026-09-17,76621.04725,76635,0.0001821,-0.00012111,-0.00012110774612671085,2026-09-17T21:16:01Z
2026-09-17 09:00:04,PET,2026-09-17,2460.52804878,2460.3500000000004,-7.236e-05,-0.0003236,-0.00032359613724974824,2026-09-17T21:16:01Z
2026-09-17 10:00:04,PBT,2026-09-17,76436.59259259,76424.5,-0.0001582,-0.00012526,-0.00012525669333978315,2026-09-17T21:16:01Z
2026-09-17 10:00:04,PET,2026-09-17,2459.62965517,2459,-0.000256,-0.00032007,-0.0003200659794788933,2026-09-17T21:16:01Z
2026-09-17 11:00:04,PBT,2026-09-17,76694.97466667,76712,0.00022199,-0.00012587,-0.00012586955956197995,2026-09-17T21:16:01Z
2026-09-17 11:00:04,PET,2026-09-17,2467.87884615,2467.9,8.57e-06,-0.00030797,-0.00030796757535834287,2026-09-17T21:16:01Z
2026-09-17 12:00:04,PBT,2026-09-17,76680.27068182,76703,0.00029642,-0.00011886,-0.0001188594704001878,2026-09-17T21:16:01Z
2026-09-17 12:00:04,PET,2026-09-17,2468.10291667,2468.4,0.00012037,-0.00029965,-0.00029965383571575174,2026-09-17T21:16:01Z
2026-09-17 13:00:04,PBT,2026-09-17,76612.99913043,76604.5,-0.00011094,-0.00012169,-0.00012169248912180573,2026-09-17T21:16:01Z
2026-09-17 13:00:04,PET,2026-09-17,2460.83,2460,-0.00033728,-0.00029086,-0.0002908554892880163,2026-09-17T21:16:01Z
2026-09-17 14:00:04,PBT,2026-09-17,76509.28857143,76505,-5.605e-05,-0.00011909,-0.00011908563437706461,2026-09-17T21:16:01Z
2026-09-17 14:00:04,PET,2026-09-17,2450.03166667,2448.6,-0.00058435,-0.00028246,-0.00028245594590247275,2026-09-17T21:16:01Z
2026-09-17 15:00:04,PBT,2026-09-17,76542.46955556,76523.5,-0.00024783,-0.00011029,-0.00011028523750767235,2026-09-17T21:16:01Z
2026-09-17 15:00:04,PET,2026-09-17,2447.52326087,2447.55,1.092e-05,-0.00027254,-0.00027254191910465393,2026-09-17T21:16:01Z
2026-09-17 17:06:04,PBT,2026-09-18,76377.9284,76371.5,-8.417e-05,-8.417e-05,-8.416567632389896e-05,2026-09-18T21:16:03Z
2026-09-17 17:06:04,PET,2026-09-18,2446.82836364,2446.35,-0.0001955,-0.0001955,-0.0001955035535425101,2026-09-18T21:16:03Z
2026-09-17 18:00:04,PBT,2026-09-18,76357.67018868,76354.5,-4.152e-05,-5.918e-05,-5.917978715468458e-05,2026-09-18T21:16:03Z
2026-09-17 18:00:04,PET,2026-09-18,2444.05928571,2443.35,-0.00029021,-0.00015735,-0.0001573528147144715,2026-09-18T21:16:03Z
2026-09-17 19:00:04,PBT,2026-09-18,76354.94,76355.5,7.33e-06,-0.00011512,-0.00011512282320158649,2026-09-18T21:16:03Z
2026-09-17 19:00:04,PET,2026-09-18,2445.78823529,2446.05,0.00010703,-0.0002365,-0.0002364970547164659,2026-09-18T21:16:03Z
2026-09-17 20:00:04,PBT,2026-09-18,76537.29,76534,-4.299e-05,-9.462e-05,-9.461812692910019e-05,2026-09-18T21:16:03Z
2026-09-17 20:00:04,PET,2026-09-18,2445.88,2446.55,0.00027393,-0.00019666,-0.00019665602417158817,2026-09-18T21:16:03Z
2026-09-17 21:00:04,PBT,2026-09-18,76670.80296296,76674.5,4.822e-05,-5.828e-05,-5.8282466510298926e-05,2026-09-18T21:16:03Z
2026-09-17 21:00:04,PET,2026-09-18,2455.88947368,2456.05,6.536e-05,-0.00014583,-0.00014583054490613324,2026-09-18T21:16:03Z
2026-09-17 22:00:04,PBT,2026-09-18,76915.0125,76920,6.484e-05,-3.806e-05,-3.805863023645055e-05,2026-09-18T21:16:03Z
2026-09-17 22:00:04,PET,2026-09-18,2460.74857143,2461.05,0.00012249,-9.265e-05,-9.264721028453621e-05,2026-09-18T21:16:03Z
2026-09-17 23:00:04,PBT,2026-09-18,77310.38733333,77318,9.847e-05,-3.157e-05,-3.157322337026817e-05,2026-09-18T21:16:03Z
2026-09-17 23:00:04,PET,2026-09-18,2476.72909091,2477.55,0.00033145,-5.993e-05,-5.992821003244078e-05,2026-09-18T21:16:03Z
2026-09-18 00:00:04,PBT,2026-09-18,77506.19647059,77488,-0.00023477,-2.38e-05,-2.3803466690161822e-05,2026-09-18T21:16:03Z
2026-09-18 00:00:04,PET,2026-09-18,2480.035625,2479.55,-0.00019581,-4.704e-05,-4.7037339351324483e-05,2026-09-18T21:16:03Z
2026-09-18 01:00:04,PBT,2026-09-18,77419.08,77432.5,0.00017334,-1.401e-05,-1.4005405404221485e-05,2026-09-18T21:16:03Z
2026-09-18 01:00:04,PET,2026-09-18,2478.062,2478.55,0.00019693,-5.089e-05,-5.089257625120782e-05,2026-09-18T21:16:03Z
2026-09-18 02:00:04,PBT,2026-09-18,77541.0064,77506.5,-0.00044501,-1.782e-05,-1.781986072627334e-05,2026-09-18T21:16:03Z
2026-09-18 02:00:04,PET,2026-09-18,2485.38318182,2484,-0.00055653,-5.645e-05,-5.645431896796534e-05,2026-09-18T21:16:03Z
2026-09-18 03:00:04,PBT,2026-09-18,77726.08,77739,0.00016622,2.75e-06,2.751963546223818e-06,2026-09-18T21:16:03Z
2026-09-18 03:00:04,PET,2026-09-18,2488.16769231,2488.05,-4.73e-05,-6.614e-05,-6.614214873831336e-05,2026-09-18T21:16:03Z
2026-09-18 04:00:04,PBT,2026-09-18,78192.64277778,78216.5,0.00030511,1.469e-05,1.4687203979093472e-05,2026-09-18T21:16:03Z
2026-09-18 04:00:04,PET,2026-09-18,2502.53222222,2504.55,0.00080629,-5.138e-05,-5.137970760326447e-05,2026-09-18T21:16:03Z
2026-09-18 05:00:04,PBT,2026-09-18,78139.9,78149.5,0.00012286,1.552e-05,1.5524941409175897e-05,2026-09-18T21:16:03Z
2026-09-18 05:00:04,PET,2026-09-18,2506.29181818,2505.55,-0.00029598,-5.202e-05,-5.202392950920722e-05,2026-09-18T21:16:03Z
2026-09-18 06:00:04,PBT,2026-09-18,78212.33,78224.5,0.0001556,2.303e-05,2.3030652122537788e-05,2026-09-18T21:16:03Z
2026-09-18 06:00:04,PET,2026-09-18,2512.07555556,2511,-0.00042815,-7.296e-05,-7.296258366460479e-05,2026-09-18T21:16:03Z
2026-09-18 07:00:04,PBT,2026-09-18,78001.3575,78013,0.00014926,2.373e-05,2.3728765664757972e-05,2026-09-18T21:16:03Z
2026-09-18 07:00:04,PET,2026-09-18,2506.1925,2506.05,-5.686e-05,-8.815e-05,-8.814545767691047e-05,2026-09-18T21:16:03Z
2026-09-18 08:00:04,PBT,2026-09-18,77974.97516129,77982,9.009e-05,2.408e-05,2.408421967110964e-05,2026-09-18T21:16:03Z
2026-09-18 08:00:04,PET,2026-09-18,2500.36,2500.05,-0.00012398,-9.006e-05,-9.00580864524834e-05,2026-09-18T21:16:03Z
2026-09-18 09:00:04,PBT,2026-09-18,80003.17654545,80123.5,0.00150398,4.168e-05,4.167816402959024e-05,2026-09-18T21:16:03Z
2026-09-18 09:00:04,PET,2026-09-18,2552.21722222,2553.6,0.00054179,-7.281e-05,-7.281085471093758e-05,2026-09-18T21:16:03Z
2026-09-18 10:00:04,PBT,2026-09-18,80917.09327273,80917,-1.15e-06,4.445e-05,4.445064281189093e-05,2026-09-18T21:16:03Z
2026-09-18 10:00:04,PET,2026-09-18,2581.41925,2582.05,0.00024434,-5.227e-05,-5.226978438074421e-05,2026-09-18T21:16:03Z
2026-09-18 11:00:04,PBT,2026-09-18,80704.98909091,80747.5,0.00052674,5.314e-05,5.31383133899144e-05,2026-09-18T21:16:03Z
2026-09-18 11:00:04,PET,2026-09-18,2582.87242424,2584.4,0.00059143,-3.738e-05,-3.737552107668694e-05,2026-09-18T21:16:03Z
2026-09-18 12:00:04,PBT,2026-09-18,80830.31565217,80860,0.00036724,5.807e-05,5.807200694521766e-05,2026-09-18T21:16:03Z
2026-09-18 12:00:04,PET,2026-09-18,2596.594,2596.8,7.933e-05,-3.076e-05,-3.0760546988789485e-05,2026-09-18T21:16:03Z
2026-09-18 13:00:04,PBT,2026-09-18,81009.749,80962,-0.00058942,6.318e-05,6.317872213901427e-05,2026-09-18T21:16:03Z
2026-09-18 13:00:04,PET,2026-09-18,2606.69684211,2605.05,-0.00063177,-3.451e-05,-3.4505239285789685e-05,2026-09-18T21:16:03Z
2026-09-18 14:00:04,PBT,2026-09-18,80928.09974359,80954,0.00032004,6.259e-05,6.259374606893772e-05,2026-09-18T21:16:03Z
2026-09-18 14:00:04,PET,2026-09-18,2611.990625,2612.9,0.00034815,-3.22e-05,-3.220474256840748e-05,2026-09-18T21:16:03Z
2026-09-18 15:00:04,PBT,2026-09-18,81205.61909091,81224,0.00022635,6.651e-05,6.651430402905179e-05,2026-09-18T21:16:03Z
2026-09-18 15:00:04,PET,2026-09-18,2637.54916667,2636.8,-0.00028404,-3.362e-05,-3.362088057942878e-05,2026-09-18T21:16:03Z
2026-09-20 17:04:04,PET,2026-09-21,2629.77545455,2629.55,-8.573e-05,-8.573e-05,-8.573148312336579e-05,2026-09-21T21:16:01Z
2026-09-20 17:09:04,PBT,2026-09-21,81031.30512195,81084,0.0006503,0.0006503,0.0006503027190625987,2026-09-21T21:16:01Z
2026-09-20 18:00:04,PBT,2026-09-21,81208.81923077,81210.5,2.07e-05,0.00019488,0.00019487894521681774,2026-09-21T21:16:01Z
2026-09-20 18:00:04,PET,2026-09-21,2639.47333333,2638.95,-0.00019827,0.00010257,0.00010256990271854468,2026-09-21T21:16:01Z
2026-09-20 19:00:04,PBT,2026-09-21,81163.67142857,81167,4.101e-05,0.00019987,0.0001998670053099707,2026-09-21T21:16:01Z
2026-09-20 19:00:04,PET,2026-09-21,2645.085,2644.05,-0.00039129,6.517e-05,6.516619807234166e-05,2026-09-21T21:16:01Z
2026-09-20 20:00:04,PBT,2026-09-21,81606.37,81574,-0.00039666,0.00014333,0.0001433268969532876,2026-09-21T21:16:01Z
2026-09-20 20:00:04,PET,2026-09-21,2689.34613636,2688.45,-0.00033322,0.00015414,0.00015414051317371856,2026-09-21T21:16:01Z
2026-09-20 21:00:04,PBT,2026-09-21,80985.00127273,81014.5,0.00036425,0.00014256,0.00014255509285531094,2026-09-21T21:16:01Z
2026-09-20 21:00:04,PET,2026-09-21,2649.44012963,2649.55,4.147e-05,0.00010473,0.00010472727735462079,2026-09-21T21:16:01Z
2026-09-20 22:00:04,PBT,2026-09-21,81284.618,81326,0.0005091,0.00022984,0.00022984084260195027,2026-09-21T21:16:01Z
2026-09-20 22:00:04,PET,2026-09-21,2660.79,2662.75,0.00073662,0.00012024,0.0001202421635969947,2026-09-21T21:16:01Z
2026-09-20 23:00:04,PBT,2026-09-21,81408.46571429,81465.5,0.00070059,0.00028542,0.0002854169097502879,2026-09-21T21:16:01Z
2026-09-20 23:00:04,PET,2026-09-21,2665.4,2665.75,0.00013131,0.00015735,0.00015735164527583948,2026-09-21T21:16:01Z
2026-09-21 00:00:04,PBT,2026-09-21,81397.97714286,81405,8.628e-05,0.00028393,0.00028393133543891196,2026-09-21T21:16:01Z
2026-09-21 00:00:04,PET,2026-09-21,2663.36181818,2663.75,0.00014575,0.00016328,0.0001632755231251139,2026-09-21T21:16:01Z
2026-09-21 01:00:04,PBT,2026-09-21,81533.83,81605.5,0.00087902,0.0003009,0.0003008968737449477,2026-09-21T21:16:01Z
2026-09-21 01:00:04,PET,2026-09-21,2664.96,2666.3,0.00050282,0.00018511,0.00018510566398067288,2026-09-21T21:16:01Z
2026-09-21 02:00:04,PBT,2026-09-21,81637.06,81644.5,9.114e-05,0.00033779,0.00033779002544985785,2026-09-21T21:16:01Z
2026-09-21 02:00:04,PET,2026-09-21,2662.68,2663.05,0.00013896,0.0001827,0.00018269706924530532,2026-09-21T21:16:01Z
2026-09-21 03:00:04,PBT,2026-09-21,81715.315,81736.5,0.00025925,0.00032002,0.00032001600694089237,2026-09-21T21:16:01Z
2026-09-21 03:00:04,PET,2026-09-21,2660.81714286,2662.05,0.00046334,0.00019048,0.00019048318301180612,2026-09-21T21:16:01Z
2026-09-21 04:00:04,PBT,2026-09-21,83753.306,83795,0.00049782,0.00032261,0.000322611416959631,2026-09-21T21:16:01Z
2026-09-21 04:00:04,PET,2026-09-21,2696.08133333,2696.55,0.00017383,0.0002142,0.0002142002563649968,2026-09-21T21:16:01Z
2026-09-21 05:00:04,PBT,2026-09-21,84636.14066667,84666.5,0.0003587,0.0002922,0.00029220389154898947,2026-09-21T21:16:01Z
2026-09-21 05:00:04,PET,2026-09-21,2720.55268,2721.35,0.00029307,0.00021767,0.00021766976503512816,2026-09-21T21:16:01Z
2026-09-21 06:00:04,PBT,2026-09-21,84421.0145,84398.5,-0.00026669,0.00026501,0.00026500989294310864,2026-09-21T21:16:01Z
2026-09-21 06:00:04,PET,2026-09-21,2715.40222222,2714.95,-0.00016654,0.00022457,0.00022457425770653743,2026-09-21T21:16:01Z
2026-09-21 07:00:04,PBT,2026-09-21,84864.12103448,84876,0.00013998,0.00024976,0.0002497559137742958,2026-09-21T21:16:01Z
2026-09-21 07:00:04,PET,2026-09-21,2724.46714286,2725.05,0.00021393,0.00024158,0.00024158129666929556,2026-09-21T21:16:01Z
2026-09-21 08:00:04,PBT,2026-09-21,85323.12961538,85322,-1.324e-05,0.00024587,0.00024586945265613633,2026-09-21T21:16:01Z
2026-09-21 08:00:04,PET,2026-09-21,2735.0425,2735.05,2.74e-06,0.00024446,0.0002444644345075461,2026-09-21T21:16:01Z
2026-09-21 09:00:04,PBT,2026-09-21,85434.74163636,85437,2.643e-05,0.00023191,0.00023190728881271403,2026-09-21T21:16:01Z
2026-09-21 09:00:04,PET,2026-09-21,2731.17384615,2731.45,0.00010111,0.00024673,0.00024672510600678543,2026-09-21T21:16:01Z
2026-09-21 10:00:04,PBT,2026-09-21,85821.91,85845,0.00026905,0.0002253,0.00022530066392248887,2026-09-21T21:16:01Z
2026-09-21 10:00:04,PET,2026-09-21,2736.165,2736.95,0.0002869,0.00025724,0.0002572424337896593,2026-09-21T21:16:01Z
2026-09-21 11:00:04,PBT,2026-09-21,85940.03,85955,0.00017419,0.00022077,0.00022076602904039615,2026-09-21T21:16:01Z
2026-09-21 11:00:04,PET,2026-09-21,2756,2756.25,9.071e-05,0.00026691,0.0002669148041656159,2026-09-21T21:16:01Z
2026-09-21 12:00:04,PBT,2026-09-21,85970.02809524,85993.5,0.00027302,0.00021517,0.00021516581658785616,2026-09-21T21:16:01Z
2026-09-21 12:00:04,PET,2026-09-21,2754.98230769,2755.45,0.00016976,0.00028014,0.00028014444138489697,2026-09-21T21:16:01Z
2026-09-21 13:00:04,PBT,2026-09-21,85915.90361111,85914,-2.216e-05,0.00020345,0.0002034527604064551,2026-09-21T21:16:01Z
2026-09-21 13:00:04,PET,2026-09-21,2743.93055556,2743.95,7.09e-06,0.00028901,0.00028900599685567743,2026-09-21T21:16:01Z
2026-09-21 14:00:04,PBT,2026-09-21,86092.17461538,86082,-0.00011818,0.00019452,0.00019451693408622056,2026-09-21T21:16:01Z
2026-09-21 14:00:04,PET,2026-09-21,2758.27318182,2758.95,0.00024538,0.00029436,0.0002943623922623194,2026-09-21T21:16:01Z
2026-09-21 15:00:04,PBT,2026-09-21,86508.67288889,86548.5,0.00046038,0.0001829,0.00018289650740497968,2026-09-21T21:16:01Z
2026-09-21 15:00:04,PET,2026-09-21,2762.60862069,2764.55,0.00070273,0.00028666,0.00028665999343365753,2026-09-21T21:16:01Z
2026-09-21 17:01:04,PBT,2026-09-22,86573.91965517,86596,0.00025505,0.00025505,0.0002550461492092184,2026-09-22T21:16:09Z
2026-09-21 17:01:04,PET,2026-09-22,2769.87897436,2769.85,-1.046e-05,-1.046e-05,-1.0460514798057176e-05,2026-09-22T21:16:09Z
2026-09-21 18:00:04,PBT,2026-09-22,86428.79588235,86436.5,8.914e-05,0.00028279,0.00028278905106253325,2026-09-22T21:16:09Z
2026-09-21 18:00:04,PET,2026-09-22,2778.61,2778.05,-0.00020154,0.00027057,0.0002705710994709096,2026-09-22T21:16:09Z
2026-09-21 19:00:04,PBT,2026-09-22,86603,86620,0.0001963,0.00021966,0.00021966122087838463,2026-09-22T21:16:09Z
2026-09-21 19:00:04,PET,2026-09-22,2775.815,2776.05,8.466e-05,0.00025825,0.00025824915160813593,2026-09-22T21:16:09Z
2026-09-21 20:00:04,PBT,2026-09-22,85897.99325581,85924.5,0.00030858,0.0001902,0.00019019913346604616,2026-09-22T21:16:09Z
2026-09-21 20:00:04,PET,2026-09-22,2754.43641026,2756.05,0.00058581,0.00028329,0.0002832921568774066,2026-09-22T21:16:09Z
2026-09-21 21:00:04,PBT,2026-09-22,85592.19777778,85606.5,0.0001671,0.00016085,0.00016084902128587578,2026-09-22T21:16:09Z
2026-09-21 21:00:04,PET,2026-09-22,2748.49529412,2749.05,0.00020182,0.00020804,0.00020804084678967163,2026-09-22T21:16:09Z
2026-09-21 22:00:04,PBT,2026-09-22,85707.320625,85703.5,-4.458e-05,0.00017945,0.00017944745953673202,2026-09-22T21:16:09Z
2026-09-21 22:00:04,PET,2026-09-22,2739.84727273,2739.55,-0.0001085,0.000267,0.0002669986700412427,2026-09-22T21:16:09Z
2026-09-21 23:00:04,PBT,2026-09-22,85677.27631579,85684.5,8.431e-05,0.00017743,0.00017743291006471504,2026-09-22T21:16:09Z
2026-09-21 23:00:04,PET,2026-09-22,2739.37470588,2740.75,0.00050205,0.00025893,0.0002589261675510877,2026-09-22T21:16:09Z
2026-09-22 00:00:04,PBT,2026-09-22,85429.85095238,85449.5,0.00023,0.00014997,0.00014997435028633738,2026-09-22T21:16:09Z
2026-09-22 00:00:04,PET,2026-09-22,2727.9421875,2730.05,0.00077267,0.00024219,0.00024218982423491724,2026-09-22T21:16:09Z
2026-09-22 01:00:04,PBT,2026-09-22,85384,85420,0.00042162,0.0001344,0.00013440163379944866,2026-09-22T21:16:09Z
2026-09-22 01:00:04,PET,2026-09-22,2732.80571429,2732.7,-3.868e-05,0.00023041,0.00023040947990323157,2026-09-22T21:16:09Z
2026-09-22 02:00:04,PBT,2026-09-22,85356.639,85355,-1.92e-05,0.00012775,0.00012774572533252274,2026-09-22T21:16:09Z
2026-09-22 02:00:04,PET,2026-09-22,2730.19916667,2730.55,0.0001285,0.00021421,0.0002142121384865862,2026-09-22T21:16:09Z
2026-09-22 03:00:04,PBT,2026-09-22,85316.82310345,85369.5,0.00061743,0.00011606,0.00011605941400348053,2026-09-22T21:16:09Z
2026-09-22 03:00:04,PET,2026-09-22,2725.949,2728.05,0.00077074,0.00021266,0.0002126594188762679,2026-09-22T21:16:09Z
2026-09-22 04:00:04,PBT,2026-09-22,86201.48105263,86189.5,-0.00013899,0.00010948,0.00010947774838298545,2026-09-22T21:16:09Z
2026-09-22 04:00:04,PET,2026-09-22,2748.97,2748.55,-0.00015278,0.00023145,0.00023144640529443043,2026-09-22T21:16:09Z
2026-09-22 05:00:04,PBT,2026-09-22,86228.68224138,86216.5,-0.00014128,9.75e-05,9.750392299973714e-05,2026-09-22T21:16:09Z
2026-09-22 05:00:04,PET,2026-09-22,2749.9437037,2750.55,0.00022048,0.00024037,0.00024037092596497582,2026-09-22T21:16:09Z
2026-09-22 06:00:04,PBT,2026-09-22,85881.952,85921.5,0.00046049,9.574e-05,9.574099374172124e-05,2026-09-22T21:16:09Z
2026-09-22 06:00:04,PET,2026-09-22,2741.33545455,2742.8,0.00053425,0.00024496,0.00024496418080812506,2026-09-22T21:16:09Z
2026-09-22 07:00:04,PBT,2026-09-22,85976.72818182,85971,-6.662e-05,8.761e-05,8.76096853058629e-05,2026-09-22T21:16:09Z
2026-09-22 07:00:04,PET,2026-09-22,2742.07125,2741.4,-0.0002448,0.00024288,0.0002428829372741683,2026-09-22T21:16:09Z
2026-09-22 08:00:04,PBT,2026-09-22,85999.31235294,86009,0.00011265,8.207e-05,8.207293199078557e-05,2026-09-22T21:16:09Z
2026-09-22 08:00:04,PET,2026-09-22,2755.49875,2757.25,0.00063555,0.00024719,0.00024719320974959827,2026-09-22T21:16:09Z
2026-09-22 09:00:04,PBT,2026-09-22,86327.896875,86348.5,0.00023866,8.111e-05,8.111198237134253e-05,2026-09-22T21:16:09Z
2026-09-22 09:00:04,PET,2026-09-22,2758.8040625,2759.4,0.00021601,0.00024163,0.00024163364894800975,2026-09-22T21:16:09Z
2026-09-22 10:00:04,PBT,2026-09-22,86248.03055556,86281,0.00038226,8.045e-05,8.044917063494537e-05,2026-09-22T21:16:09Z
2026-09-22 10:00:04,PET,2026-09-22,2742.71153846,2744.9,0.00079792,0.00023908,0.00023908394013326934,2026-09-22T21:16:09Z
2026-09-22 11:00:04,PBT,2026-09-22,86421.61966667,86436,0.0001664,9.3e-05,9.300268895496449e-05,2026-09-22T21:16:09Z
2026-09-22 11:00:04,PET,2026-09-22,2743.42333333,2744.9,0.00053826,0.00025959,0.0002595878582218978,2026-09-22T21:16:09Z
2026-09-22 12:00:04,PBT,2026-09-22,86445.452,86454,9.888e-05,0.00010046,0.00010045897508427871,2026-09-22T21:16:09Z
2026-09-22 12:00:04,PET,2026-09-22,2745.68272727,2746.75,0.00038871,0.00027791,0.00027790630219835306,2026-09-22T21:16:09Z
2026-09-22 13:00:04,PBT,2026-09-22,86574.92913043,86610,0.00040509,0.00010537,0.00010536944511426866,2026-09-22T21:16:09Z
2026-09-22 13:00:04,PET,2026-09-22,2753.9136,2755.9,0.0007213,0.00028467,0.00028467039471873203,2026-09-22T21:16:09Z
2026-09-22 14:00:04,PBT,2026-09-22,86483.87029412,86483,-1.006e-05,0.00011204,0.00011203720417051858,2026-09-22T21:16:09Z
2026-09-22 14:00:04,PET,2026-09-22,2752.56090909,2753.4,0.00030484,0.00029378,0.0002937814163913408,2026-09-22T21:16:09Z
2026-09-22 15:00:04,PBT,2026-09-22,86230.546,86238.5,9.224e-05,0.00010755,0.00010754588099557496,2026-09-22T21:16:09Z
2026-09-22 15:00:04,PET,2026-09-22,2752.01171429,2752.05,1.391e-05,0.00029479,0.000294788797168138,2026-09-22T21:16:09Z
2026-09-22 17:01:04,PBT,2026-09-23,86266.39230769,86332,0.00076052,0.00076052,0.0007605243543279144,2026-09-23T21:16:04Z
2026-09-22 17:01:04,PET,2026-09-23,2750.38333333,2751.85,0.00053326,0.00053326,0.0005332590014731665,2026-09-23T21:16:04Z
2026-09-22 18:00:04,PBT,2026-09-23,86126.45139535,86144.5,0.00020956,8.229e-05,8.229225786284816e-05,2026-09-23T21:16:04Z
2026-09-22 18:00:04,PET,2026-09-23,2752.9775,2755.05,0.00075282,0.00042017,0.0004201659796399321,2026-09-23T21:16:04Z
2026-09-22 19:00:04,PBT,2026-09-23,86200.95,86202.5,1.798e-05,0.00020419,0.0002041910170597367,2026-09-23T21:16:04Z
2026-09-22 19:00:04,PET,2026-09-23,2753.55,2755.05,0.00054475,0.0004177,0.00041770489475398344,2026-09-23T21:16:04Z
2026-09-22 20:00:04,PBT,2026-09-23,86454.23916667,86500.5,0.00053509,0.00017841,0.0001784122248500484,2026-09-23T21:16:04Z
2026-09-22 20:00:04,PET,2026-09-23,2759.81178571,2760.8,0.00035807,0.00042214,0.0004221444821949585,2026-09-23T21:16:04Z
2026-09-22 21:00:04,PBT,2026-09-23,86365.77,86382.5,0.00019371,0.00017382,0.00017381958266743337,2026-09-23T21:16:04Z
2026-09-22 21:00:04,PET,2026-09-23,2754.258,2754.75,0.00017863,0.00040861,0.0004086074210538322,2026-09-23T21:16:04Z
2026-09-22 22:00:04,PBT,2026-09-23,86543.88125,86552.5,9.959e-05,0.00015966,0.0001596633649537887,2026-09-23T21:16:04Z
2026-09-22 22:00:04,PET,2026-09-23,2762.21416667,2763.55,0.00048361,0.00045342,0.0004534243267730554,2026-09-23T21:16:04Z
2026-09-22 23:00:04,PBT,2026-09-23,86706.12307692,86709.5,3.895e-05,0.00014799,0.00014798923092546802,2026-09-23T21:16:04Z
2026-09-22 23:00:04,PET,2026-09-23,2773.86312,2775.55,0.00060813,0.00047412,0.0004741173631178532,2026-09-23T21:16:04Z
2026-09-23 00:00:04,PBT,2026-09-23,87160.798,87186,0.00028914,0.0001472,0.00014719850437554618,2026-09-23T21:16:04Z
2026-09-23 00:00:04,PET,2026-09-23,2779.28666667,2780.05,0.00027465,0.00048581,0.00048580999711955427,2026-09-23T21:16:04Z
2026-09-23 01:00:04,PBT,2026-09-23,86487.51,86525,0.00043347,0.00014103,0.0001410251923706298,2026-09-23T21:16:04Z
2026-09-23 01:00:04,PET,2026-09-23,2757.40368421,2758.3,0.00032506,0.00047598,0.0004759761559543364,2026-09-23T21:16:04Z
2026-09-23 02:00:04,PBT,2026-09-23,86461.05814815,86480,0.00021908,0.00016152,0.00016152052150755495,2026-09-23T21:16:04Z
2026-09-23 02:00:04,PET,2026-09-23,2754.20333333,2754.75,0.00019848,0.00045148,0.00045148022424714243,2026-09-23T21:16:04Z
2026-09-23 03:00:04,PBT,2026-09-23,86122.92266667,86172,0.00056985,0.00015252,0.00015251739084724044,2026-09-23T21:16:04Z
2026-09-23 03:00:04,PET,2026-09-23,2742.93823529,2744.75,0.00066052,0.00043169,0.0004316942007606512,2026-09-23T21:16:04Z
2026-09-23 04:00:04,PBT,2026-09-23,85903.7372,85913,0.00010783,0.00015751,0.00015751145486684977,2026-09-23T21:16:04Z
2026-09-23 04:00:04,PET,2026-09-23,2734.952,2736.05,0.00040147,0.00042098,0.0004209772711257403,2026-09-23T21:16:04Z
2026-09-23 05:00:04,PBT,2026-09-23,85847.0475,85879.5,0.00037803,0.00016391,0.00016390546181143157,2026-09-23T21:16:04Z
2026-09-23 05:00:04,PET,2026-09-23,2733.28428571,2735.05,0.000646,0.00040716,0.0004071631717362657,2026-09-23T21:16:04Z
2026-09-23 06:00:04,PBT,2026-09-23,85914.03941176,85928,0.00016249,0.00016398,0.00016397594067900115,2026-09-23T21:16:04Z
2026-09-23 06:00:04,PET,2026-09-23,2738.07,2738.55,0.00017531,0.00039344,0.00039344159427292976,2026-09-23T21:16:04Z
2026-09-23 07:00:04,PBT,2026-09-23,85637.34347826,85677,0.00046308,0.00016785,0.00016785119800220773,2026-09-23T21:16:04Z
2026-09-23 07:00:04,PET,2026-09-23,2727.42866667,2729.25,0.00066778,0.00038397,0.0003839716712217825,2026-09-23T21:16:04Z
2026-09-23 08:00:04,PBT,2026-09-23,85486.24208333,85496,0.00011415,0.00016539,0.00016538997649566972,2026-09-23T21:16:04Z
2026-09-23 08:00:04,PET,2026-09-23,2721.28346154,2722.55,0.00046542,0.00038398,0.0003839768857207327,2026-09-23T21:16:04Z
2026-09-23 09:00:04,PBT,2026-09-23,85786.18176471,85794.5,9.696e-05,0.00017038,0.00017038078207794307,2026-09-23T21:16:04Z
2026-09-23 09:00:04,PET,2026-09-23,2715.52738889,2715.3500000000004,-6.532e-05,0.00036835,0.0003683539090242919,2026-09-23T21:16:04Z
2026-09-23 10:00:04,PBT,2026-09-23,84514.915,84540,0.00029681,0.00015123,0.00015123474299335226,2026-09-23T21:16:04Z
2026-09-23 10:00:04,PET,2026-09-23,2675.90902439,2676.8500000000004,0.00035165,0.00032818,0.00032817964581983067,2026-09-23T21:16:04Z
2026-09-23 11:00:04,PBT,2026-09-23,84011.65763636,84003.5,-9.71e-05,0.00014789,0.0001478873490910191,2026-09-23T21:16:04Z
2026-09-23 11:00:04,PET,2026-09-23,2656.03147059,2655.55,-0.00018127,0.00031061,0.0003106085991818959,2026-09-23T21:16:04Z
2026-09-23 12:00:04,PBT,2026-09-23,84036.884,84043.5,7.873e-05,0.00013883,0.0001388348193168244,2026-09-23T21:16:04Z
2026-09-23 12:00:04,PET,2026-09-23,2660.32333333,2661.3500000000004,0.00038592,0.00030401,0.0003040074840836081,2026-09-23T21:16:04Z
2026-09-23 13:00:04,PBT,2026-09-23,84310.92,84322,0.00013142,0.00013243,0.0001324295332405111,2026-09-23T21:16:04Z
2026-09-23 13:00:04,PET,2026-09-23,2667.81058824,2668.55,0.00027716,0.0003019,0.0003018993073359028,2026-09-23T21:16:04Z
2026-09-23 14:00:04,PBT,2026-09-23,84306.36148148,84332.5,0.00031004,0.00013036,0.00013036162686435538,2026-09-23T21:16:04Z
2026-09-23 14:00:04,PET,2026-09-23,2668.74,2669.3500000000004,0.00022857,0.00030865,0.0003086458638359973,2026-09-23T21:16:04Z
2026-09-23 15:00:04,PBT,2026-09-23,84491.30577778,84515,0.00028043,0.00013382,0.00013382473994020264,2026-09-23T21:16:04Z
2026-09-23 15:00:04,PET,2026-09-23,2677.932,2679.95,0.00075357,0.00029703,0.00029702666993668543,2026-09-23T21:16:04Z
2026-09-23 17:01:04,PBT,2026-09-24,84389.424,84402.5,0.00015495,0.00015495,0.00015494832622629266,2026-09-24T21:15:59Z
2026-09-23 17:01:04,PET,2026-09-24,2676.39136364,2677.6000000000004,0.00045159,0.00045159,0.0004515917875167511,2026-09-24T21:15:59Z
2026-09-23 18:00:04,PBT,2026-09-24,84555.39377778,84545.5,-0.00011701,0.00010293,0.00010293340981691844,2026-09-24T21:15:59Z
2026-09-23 18:00:04,PET,2026-09-24,2689.61863636,2689.55,-2.552e-05,0.00031074,0.00031074202509709256,2026-09-24T21:15:59Z
2026-09-23 19:00:04,PBT,2026-09-24,84381.28608696,84382.5,1.439e-05,0.00010452,0.00010451671775266347,2026-09-24T21:15:59Z
2026-09-23 19:00:04,PET,2026-09-24,2684.36333333,2684.25,-4.222e-05,0.00029357,0.0002935659309594777,2026-09-24T21:15:59Z
2026-09-23 20:00:04,PBT,2026-09-24,84313.55441176,84326,0.00014761,7.867e-05,7.867408467032431e-05,2026-09-24T21:15:59Z
2026-09-23 20:00:04,PET,2026-09-24,2682.67677419,2683.05,0.00013912,0.00020621,0.00020621230007953468,2026-09-24T21:15:59Z
2026-09-23 21:00:04,PBT,2026-09-24,84101.4,84106.5,6.064e-05,5.973e-05,5.9725308365253384e-05,2026-09-24T21:15:59Z
2026-09-23 21:00:04,PET,2026-09-24,2674.63916667,2675.05,0.0001536,0.00015396,0.00015395804058054662,2026-09-24T21:15:59Z
2026-09-23 22:00:04,PBT,2026-09-24,84350.52,84360.5,0.00011832,7.724e-05,7.723696370532082e-05,2026-09-24T21:15:59Z
2026-09-23 22:00:04,PET,2026-09-24,2685.31764706,2687.05,0.00064512,0.00021091,0.00021091303856329583,2026-09-24T21:15:59Z
2026-09-23 23:00:04,PBT,2026-09-24,83927.11,83931.5,5.231e-05,6.005e-05,6.004514918620028e-05,2026-09-24T21:15:59Z
2026-09-23 23:00:04,PET,2026-09-24,2676.21428571,2676.05,-6.139e-05,0.00020506,0.00020505935576514532,2026-09-24T21:15:59Z
2026-09-24 00:00:04,PBT,2026-09-24,84025.138,84031.5,7.572e-05,6.358e-05,6.357580307321612e-05,2026-09-24T21:15:59Z
2026-09-24 00:00:04,PET,2026-09-24,2681.49,2682.55,0.0003953,0.00018549,0.00018548925378224722,2026-09-24T21:15:59Z
2026-09-24 01:00:04,PBT,2026-09-24,83978.77535714,83974.5,-5.091e-05,6.149e-05,6.148877335081856e-05,2026-09-24T21:15:59Z
2026-09-24 01:00:04,PET,2026-09-24,2683.16857143,2683.05,-4.419e-05,0.00020643,0.00020643391708480258,2026-09-24T21:15:59Z
2026-09-24 02:00:04,PBT,2026-09-24,84102.8,84098.5,-5.113e-05,5.839e-05,5.839059675780558e-05,2026-09-24T21:15:59Z
2026-09-24 02:00:04,PET,2026-09-24,2685.734,2686.05,0.00011766,0.00020624,0.000206239086002463,2026-09-24T21:15:59Z
2026-09-24 03:00:04,PBT,2026-09-24,84517.055,84511,-7.164e-05,6.637e-05,6.636771486445662e-05,2026-09-24T21:15:59Z
2026-09-24 03:00:04,PET,2026-09-24,2693.07566667,2693.55,0.00017613,0.00021478,0.00021477509419151318,2026-09-24T21:15:59Z
2026-09-24 04:00:04,PBT,2026-09-24,83623.81,83659,0.00042081,5.088e-05,5.088448918398624e-05,2026-09-24T21:15:59Z
2026-09-24 04:00:04,PET,2026-09-24,2668.22909091,2670.55,0.00086983,0.00020486,0.00020485609447360408,2026-09-24T21:15:59Z
2026-09-24 05:00:04,PBT,2026-09-24,83242.90444444,83239.5,-4.09e-05,3.651e-05,3.651266088318355e-05,2026-09-24T21:15:59Z
2026-09-24 05:00:04,PET,2026-09-24,2641.81090909,2642.05,9.05e-05,0.00016655,0.00016655015270041325,2026-09-24T21:15:59Z
2026-09-24 06:00:04,PBT,2026-09-24,83490.73444444,83518.5,0.00033256,4.846e-05,4.846298005726008e-05,2026-09-24T21:15:59Z
2026-09-24 06:00:04,PET,2026-09-24,2647.57,2648.95,0.00052123,0.00018033,0.00018032842489373277,2026-09-24T21:15:59Z
2026-09-24 07:00:04,PBT,2026-09-24,83476.00578947,83462,-0.00016778,6.185e-05,6.184845374507749e-05,2026-09-24T21:15:59Z
2026-09-24 07:00:04,PET,2026-09-24,2646.85641026,2647.25,0.0001487,0.00020306,0.00020305541727062327,2026-09-24T21:15:59Z
2026-09-24 08:00:04,PBT,2026-09-24,83589.39230769,83598,0.00010298,6.16e-05,6.160362440330902e-05,2026-09-24T21:15:59Z
2026-09-24 08:00:04,PET,2026-09-24,2648.00846154,2648.55,0.00020451,0.00018571,0.0001857081203338772,2026-09-24T21:15:59Z
2026-09-24 09:00:04,PBT,2026-09-24,84236.21416667,84210.5,-0.00030526,4.998e-05,4.998451666383013e-05,2026-09-24T21:15:59Z
2026-09-24 09:00:04,PET,2026-09-24,2669.6725,2669.55,-4.589e-05,0.00019858,0.00019857996206393378,2026-09-24T21:15:59Z
2026-09-24 10:00:04,PBT,2026-09-24,83655.40511111,83587.5,-0.00081172,3.771e-05,3.771285527754436e-05,2026-09-24T21:15:59Z
2026-09-24 10:00:04,PET,2026-09-24,2656.9826087,2654.6499999999996,-0.00087792,0.0002071,0.0002071003251549895,2026-09-24T21:15:59Z
2026-09-24 11:00:04,PBT,2026-09-24,84395.3446875,84425.5,0.00035731,3.455e-05,3.454825732971998e-05,2026-09-24T21:15:59Z
2026-09-24 11:00:04,PET,2026-09-24,2682.68733333,2684.75,0.00076888,0.00021911,0.00021911158559073774,2026-09-24T21:15:59Z
2026-09-24 12:00:04,PBT,2026-09-24,84478.16452381,84427,-0.00060565,3.499e-05,3.49934351084893e-05,2026-09-24T21:15:59Z
2026-09-24 12:00:04,PET,2026-09-24,2686.65891304,2686,-0.00024525,0.00023019,0.0002301886752229326,2026-09-24T21:15:59Z
2026-09-24 13:00:04,PBT,2026-09-24,84096.41914286,84087.5,-0.00010606,2.702e-05,2.701938727029813e-05,2026-09-24T21:15:59Z
2026-09-24 13:00:04,PET,2026-09-24,2668.8228125,2669.5,0.00025374,0.00023506,0.00023505778839693633,2026-09-24T21:15:59Z
2026-09-24 14:00:04,PBT,2026-09-24,84449.00166667,84480.5,0.00037299,2.397e-05,2.3972415852209364e-05,2026-09-24T21:15:59Z
2026-09-24 14:00:04,PET,2026-09-24,2689.32173913,2691.25,0.00071701,0.00024785,0.0002478518892319246,2026-09-24T21:15:59Z
2026-09-24 15:00:04,PBT,2026-09-24,84394.09509091,84362.5,-0.00037438,2.772e-05,2.772237326767278e-05,2026-09-24T21:15:59Z
2026-09-24 15:00:04,PET,2026-09-24,2695.06621622,2697,0.00071753,0.00024809,0.0002480908860735645,2026-09-24T21:15:59Z
